<?xml version="1.0" ?>
<!DOCTYPE config SYSTEM "http://www.matsim.org/files/dtd/config_v2.dtd">
<config>

	<module name="global">
		<param name="randomSeed" value="4711" />
		<param name="coordinateSystem" value="Atlantis" />
	</module>

	<module name="network">
		<param name="inputNetworkFile" value="multimodalnetwork.xml" />
	</module>

	<module name="plans">
		<param name="inputPlansFile" value="0.plans.xml.gz" />
	</module>

	<module name="controler">
		<param name="outputDirectory" value="./output/pt-tutorial" />
		<param name="firstIteration" value="0" />
		<param name="lastIteration" value="50" />
		<param name="eventsFileFormat" value="xml" />
		<param name="mobsim" value="qsim" />
	</module>

	<module name="qsim">
		<!-- "start/endTime" of MobSim (00:00:00 == take earliest activity time/ run as long as active vehicles exist) -->
		<param name="startTime" value="00:00:00" />
		<param name="endTime" value="30:00:00" />
	
		<param name = "snapshotperiod"	value = "00:00:00"/> <!-- 00:00:00 means NO snapshot writing -->
	</module>

	<module name="planCalcScore">
		<param name="learningRate" value="1.0" />
		<param name="BrainExpBeta" value="2.0" />

		<parameterset type="scoringParameters">
		<param name="lateArrival" value="-18" />
		<param name="earlyDeparture" value="-0" />
		<param name="performing" value="+6" />
		<param name="waiting" value="-0" />

		<parameterset type="modeParams">
			<param name="mode" value="car"/>
			<param name="marginalUtilityOfTraveling_util_hr" value="-6.0" />
		</parameterset>
		<parameterset type="modeParams">
			<param name="mode" value="pt"/>
		</parameterset>
			<parameterset type="modeParams">
				<param name="mode" value="walk"/>
			</parameterset>

		<parameterset type="activityParams">
			<param name="activityType"    value="h" /> <!-- home -->
			<param name="priority"        value="1" />
			<param name="typicalDuration" value="12:00:00" />
			<param name="minimalDuration" value="08:00:00" />
		</parameterset>

		<parameterset type="activityParams">
			<param name="activityType"            value="w" /> <!-- work -->
			<param name="priority"        value="1" />
			<param name="typicalDuration" value="08:00:00" />
			<param name="minimalDuration" value="06:00:00" />
			<param name="openingTime"     value="07:00:00" />
			<param name="latestStartTime" value="09:00:00" />
			<param name="earliestEndTime" value="" />
			<param name="closingTime"     value="18:00:00" />
		</parameterset>

		<parameterset type="activityParams">
			<param name="activityType"            value="s" /> <!-- shop -->
			<param name="priority"        value="1" />
			<param name="typicalDuration" value="00:40:00" />
			<param name="minimalDuration" value="00:10:00" />
			<param name="openingTime"     value="08:00:00" />
			<param name="latestStartTime" value="" />
			<param name="earliestEndTime" value="" />
			<param name="closingTime"     value="20:00:00" />
		</parameterset>
		</parameterset>
	</module>
	
	<module name="strategy">
		<param name="maxAgentPlanMemorySize" value="5" /> <!-- 0 means unlimited -->

		<parameterset type="strategysettings">
			<param name="strategyName" value="BestScore"/>
			<param name="weight" value="0.7"/>
		</parameterset>

		<parameterset type="strategysettings">
			<param name="strategyName" value="ReRoute"/>
			<param name="weight" value="0.1"/>
		</parameterset>

		<parameterset type="strategysettings">
			<param name="strategyName" value="TimeAllocationMutator"/>
			<param name="weight" value="0.1"/>
		</parameterset>
		<parameterset type="strategysettings">
			<param name="strategyName" value="ChangeTripMode"/>
			<param name="weight" value="0.1"/>
		</parameterset>

	</module>

	<module name="transit">
		<param name="useTransit" value="true" />
		<param name="transitScheduleFile" value="transitschedule.xml" />
		<param name="vehiclesFile" value="transitVehicles.xml" />
		<param name="transitModes" value="pt" />
	</module>
	
	<module name="changeMode">
		<param name="modes" value="car,pt" />
	</module>

</config>
