<?xml version="1.0" encoding="UTF-8"?>
	<carriers>
		<carrier id="carrier1">
			<capabilities fleetSize="INFINITE">
				<vehicles>
					<vehicle id="carrier_19_heavyVehicle" depotLinkId="j(0,1)R" typeId="heavy" earliestStart="06:00:00" latestEnd="16:00:00"/>
<!-- 					<vehicle id="carrier_19_lightVehicle" depotLinkId="j(0,1)R" typeId="light" earliestStart="06:00:00" latestEnd="16:00:00"/> -->
				</vehicles>

			</capabilities>

			<services>
				<service id="1" to="i(1,9)R" capacityDemand="1" earliestStart="04:00:00" latestEnd="22:00:00" serviceDuration="00:05:00"/>
				<service id="2" to="i(3,3)R" capacityDemand="1" earliestStart="04:00:00" latestEnd="22:00:00" serviceDuration="00:05:00"/>
				<service id="3" to="j(7,5)" capacityDemand="1" earliestStart="04:00:00" latestEnd="22:00:00" serviceDuration="00:05:00"/>
				<service id="4" to="i(2,8)" capacityDemand="1" earliestStart="04:00:00" latestEnd="22:00:00" serviceDuration="00:05:00"/>
				<service id="5" to="i(1,7)R" capacityDemand="1" earliestStart="04:00:00" latestEnd="22:00:00" serviceDuration="00:05:00"/>
				<service id="6" to="j(0,6)R" capacityDemand="1" earliestStart="04:00:00" latestEnd="22:00:00" serviceDuration="00:05:00"/>
				<service id="7" to="i(6,6)" capacityDemand="1" earliestStart="04:00:00" latestEnd="22:00:00" serviceDuration="00:05:00"/>
				<service id="8" to="j(1,5)" capacityDemand="1" earliestStart="04:00:00" latestEnd="22:00:00" serviceDuration="00:05:00"/>
				<service id="9" to="i(6,9)R" capacityDemand="1" earliestStart="04:00:00" latestEnd="22:00:00" serviceDuration="00:05:00"/>
				<service id="10" to="i(9,5)R" capacityDemand="1" earliestStart="04:00:00" latestEnd="22:00:00" serviceDuration="00:05:00"/>
				<service id="11" to="j(6,1)R" capacityDemand="1" earliestStart="04:00:00" latestEnd="22:00:00" serviceDuration="00:05:00"/>
				<service id="12" to="i(5,6)" capacityDemand="1" earliestStart="04:00:00" latestEnd="22:00:00" serviceDuration="00:05:00"/>
				<service id="13" to="j(4,2)R" capacityDemand="1" earliestStart="04:00:00" latestEnd="22:00:00" serviceDuration="00:05:00"/>
				<service id="14" to="j(9,2)" capacityDemand="1" earliestStart="04:00:00" latestEnd="22:00:00" serviceDuration="00:05:00"/>
				<service id="15" to="i(3,7)R" capacityDemand="1" earliestStart="04:00:00" latestEnd="22:00:00" serviceDuration="00:05:00"/>
				<service id="16" to="i(7,7)R" capacityDemand="1" earliestStart="04:00:00" latestEnd="22:00:00" serviceDuration="00:05:00"/>
				<service id="17" to="i(3,5)R" capacityDemand="1" earliestStart="04:00:00" latestEnd="22:00:00" serviceDuration="00:05:00"/>
				<service id="18" to="i(5,3)R" capacityDemand="1" earliestStart="04:00:00" latestEnd="22:00:00" serviceDuration="00:05:00"/>
				<service id="19" to="i(4,2)" capacityDemand="1" earliestStart="04:00:00" latestEnd="22:00:00" serviceDuration="00:05:00"/>
				<service id="20" to="j(7,5)" capacityDemand="1" earliestStart="04:00:00" latestEnd="22:00:00" serviceDuration="00:05:00"/>
				<service id="21" to="i(8,4)" capacityDemand="1" earliestStart="04:00:00" latestEnd="22:00:00" serviceDuration="00:05:00"/>
				<service id="22" to="i(4,4)" capacityDemand="1" earliestStart="04:00:00" latestEnd="22:00:00" serviceDuration="00:05:00"/>
				<service id="23" to="i(5,7)R" capacityDemand="1" earliestStart="04:00:00" latestEnd="22:00:00" serviceDuration="00:05:00"/>
				<service id="24" to="j(3,2)" capacityDemand="1" earliestStart="04:00:00" latestEnd="22:00:00" serviceDuration="00:05:00"/>
				<service id="25" to="i(3,6)" capacityDemand="1" earliestStart="04:00:00" latestEnd="22:00:00" serviceDuration="00:05:00"/>
				<service id="26" to="i(6,4)" capacityDemand="1" earliestStart="04:00:00" latestEnd="22:00:00" serviceDuration="00:05:00"/>
				<service id="27" to="j(3,6)" capacityDemand="1" earliestStart="04:00:00" latestEnd="22:00:00" serviceDuration="00:05:00"/>
				<service id="28" to="j(4,3)R" capacityDemand="1" earliestStart="04:00:00" latestEnd="22:00:00" serviceDuration="00:05:00"/>
				<service id="29" to="i(6,6)" capacityDemand="1" earliestStart="04:00:00" latestEnd="22:00:00" serviceDuration="00:05:00"/>
				<service id="30" to="i(5,9)R" capacityDemand="1" earliestStart="04:00:00" latestEnd="22:00:00" serviceDuration="00:05:00"/>
				<service id="31" to="i(6,3)R" capacityDemand="1" earliestStart="04:00:00" latestEnd="22:00:00" serviceDuration="00:05:00"/>
				<service id="32" to="i(1,7)R" capacityDemand="1" earliestStart="04:00:00" latestEnd="22:00:00" serviceDuration="00:05:00"/>
				<service id="33" to="i(5,5)R" capacityDemand="1" earliestStart="04:00:00" latestEnd="22:00:00" serviceDuration="00:05:00"/>
				<service id="34" to="i(6,5)R" capacityDemand="1" earliestStart="04:00:00" latestEnd="22:00:00" serviceDuration="00:05:00"/>
				<service id="35" to="i(6,6)" capacityDemand="1" earliestStart="04:00:00" latestEnd="22:00:00" serviceDuration="00:05:00"/>
				<service id="36" to="i(7,4)" capacityDemand="1" earliestStart="04:00:00" latestEnd="22:00:00" serviceDuration="00:05:00"/>
				<service id="37" to="i(4,3)R" capacityDemand="1" earliestStart="04:00:00" latestEnd="22:00:00" serviceDuration="00:05:00"/>
				<service id="38" to="j(7,3)" capacityDemand="1" earliestStart="04:00:00" latestEnd="22:00:00" serviceDuration="00:05:00"/>
				<service id="39" to="i(5,5)R" capacityDemand="1" earliestStart="04:00:00" latestEnd="22:00:00" serviceDuration="00:05:00"/>
				<service id="40" to="j(3,4)" capacityDemand="1" earliestStart="04:00:00" latestEnd="22:00:00" serviceDuration="00:05:00"/>
				<service id="41" to="j(1,4)" capacityDemand="1" earliestStart="04:00:00" latestEnd="22:00:00" serviceDuration="00:05:00"/>
				<service id="42" to="j(5,3)" capacityDemand="1" earliestStart="04:00:00" latestEnd="22:00:00" serviceDuration="00:05:00"/>
				<service id="43" to="j(2,8)R" capacityDemand="1" earliestStart="04:00:00" latestEnd="22:00:00" serviceDuration="00:05:00"/>
				<service id="44" to="j(9,7)" capacityDemand="1" earliestStart="04:00:00" latestEnd="22:00:00" serviceDuration="00:05:00"/>
				<service id="45" to="j(5,3)" capacityDemand="1" earliestStart="04:00:00" latestEnd="22:00:00" serviceDuration="00:05:00"/>
				<service id="46" to="j(1,7)" capacityDemand="1" earliestStart="04:00:00" latestEnd="22:00:00" serviceDuration="00:05:00"/>
				<service id="47" to="j(6,5)R" capacityDemand="1" earliestStart="04:00:00" latestEnd="22:00:00" serviceDuration="00:05:00"/>
				<service id="48" to="i(1,8)" capacityDemand="1" earliestStart="04:00:00" latestEnd="22:00:00" serviceDuration="00:05:00"/>
				<service id="49" to="j(4,7)R" capacityDemand="1" earliestStart="04:00:00" latestEnd="22:00:00" serviceDuration="00:05:00"/>
				<service id="50" to="i(6,3)R" capacityDemand="1" earliestStart="04:00:00" latestEnd="22:00:00" serviceDuration="00:05:00"/>
			</services>

		</carrier>

		

	</carriers>
