<?xml version="1.0" encoding="UTF-8"?>
<!DOCTYPE network SYSTEM "http://www.matsim.org/files/dtd/network_v1.dtd">
<network>

<!-- ====================================================================== -->

	<nodes>
		<node id="(0,0)" x="0.0" y="0.0" />
		<node id="(0,1)" x="0.0" y="1000.0" />
		<node id="(0,2)" x="0.0" y="2000.0" />
		<node id="(0,3)" x="0.0" y="3000.0" />
		<node id="(0,4)" x="0.0" y="4000.0" />
		<node id="(0,5)" x="0.0" y="5000.0" />
		<node id="(0,6)" x="0.0" y="6000.0" />
		<node id="(0,7)" x="0.0" y="7000.0" />
		<node id="(0,8)" x="0.0" y="8000.0" />
		<node id="(0,9)" x="0.0" y="9000.0" />
		<node id="(1,0)" x="1000.0" y="0.0" />
		<node id="(1,1)" x="1000.0" y="1000.0" />
		<node id="(1,2)" x="1000.0" y="2000.0" />
		<node id="(1,3)" x="1000.0" y="3000.0" />
		<node id="(1,4)" x="1000.0" y="4000.0" />
		<node id="(1,5)" x="1000.0" y="5000.0" />
		<node id="(1,6)" x="1000.0" y="6000.0" />
		<node id="(1,7)" x="1000.0" y="7000.0" />
		<node id="(1,8)" x="1000.0" y="8000.0" />
		<node id="(1,9)" x="1000.0" y="9000.0" />
		<node id="(2,0)" x="2000.0" y="0.0" />
		<node id="(2,1)" x="2000.0" y="1000.0" />
		<node id="(2,2)" x="2000.0" y="2000.0" />
		<node id="(2,3)" x="2000.0" y="3000.0" />
		<node id="(2,4)" x="2000.0" y="4000.0" />
		<node id="(2,5)" x="2000.0" y="5000.0" />
		<node id="(2,6)" x="2000.0" y="6000.0" />
		<node id="(2,7)" x="2000.0" y="7000.0" />
		<node id="(2,8)" x="2000.0" y="8000.0" />
		<node id="(2,9)" x="2000.0" y="9000.0" />
		<node id="(3,0)" x="3000.0" y="0.0" />
		<node id="(3,1)" x="3000.0" y="1000.0" />
		<node id="(3,2)" x="3000.0" y="2000.0" />
		<node id="(3,3)" x="3000.0" y="3000.0" />
		<node id="(3,4)" x="3000.0" y="4000.0" />
		<node id="(3,5)" x="3000.0" y="5000.0" />
		<node id="(3,6)" x="3000.0" y="6000.0" />
		<node id="(3,7)" x="3000.0" y="7000.0" />
		<node id="(3,8)" x="3000.0" y="8000.0" />
		<node id="(3,9)" x="3000.0" y="9000.0" />
		<node id="(4,0)" x="4000.0" y="0.0" />
		<node id="(4,1)" x="4000.0" y="1000.0" />
		<node id="(4,2)" x="4000.0" y="2000.0" />
		<node id="(4,3)" x="4000.0" y="3000.0" />
		<node id="(4,4)" x="4000.0" y="4000.0" />
		<node id="(4,5)" x="4000.0" y="5000.0" />
		<node id="(4,6)" x="4000.0" y="6000.0" />
		<node id="(4,7)" x="4000.0" y="7000.0" />
		<node id="(4,8)" x="4000.0" y="8000.0" />
		<node id="(4,9)" x="4000.0" y="9000.0" />
		<node id="(5,0)" x="5000.0" y="0.0" />
		<node id="(5,1)" x="5000.0" y="1000.0" />
		<node id="(5,2)" x="5000.0" y="2000.0" />
		<node id="(5,3)" x="5000.0" y="3000.0" />
		<node id="(5,4)" x="5000.0" y="4000.0" />
		<node id="(5,5)" x="5000.0" y="5000.0" />
		<node id="(5,6)" x="5000.0" y="6000.0" />
		<node id="(5,7)" x="5000.0" y="7000.0" />
		<node id="(5,8)" x="5000.0" y="8000.0" />
		<node id="(5,9)" x="5000.0" y="9000.0" />
		<node id="(6,0)" x="6000.0" y="0.0" />
		<node id="(6,1)" x="6000.0" y="1000.0" />
		<node id="(6,2)" x="6000.0" y="2000.0" />
		<node id="(6,3)" x="6000.0" y="3000.0" />
		<node id="(6,4)" x="6000.0" y="4000.0" />
		<node id="(6,5)" x="6000.0" y="5000.0" />
		<node id="(6,6)" x="6000.0" y="6000.0" />
		<node id="(6,7)" x="6000.0" y="7000.0" />
		<node id="(6,8)" x="6000.0" y="8000.0" />
		<node id="(6,9)" x="6000.0" y="9000.0" />
		<node id="(7,0)" x="7000.0" y="0.0" />
		<node id="(7,1)" x="7000.0" y="1000.0" />
		<node id="(7,2)" x="7000.0" y="2000.0" />
		<node id="(7,3)" x="7000.0" y="3000.0" />
		<node id="(7,4)" x="7000.0" y="4000.0" />
		<node id="(7,5)" x="7000.0" y="5000.0" />
		<node id="(7,6)" x="7000.0" y="6000.0" />
		<node id="(7,7)" x="7000.0" y="7000.0" />
		<node id="(7,8)" x="7000.0" y="8000.0" />
		<node id="(7,9)" x="7000.0" y="9000.0" />
		<node id="(8,0)" x="8000.0" y="0.0" />
		<node id="(8,1)" x="8000.0" y="1000.0" />
		<node id="(8,2)" x="8000.0" y="2000.0" />
		<node id="(8,3)" x="8000.0" y="3000.0" />
		<node id="(8,4)" x="8000.0" y="4000.0" />
		<node id="(8,5)" x="8000.0" y="5000.0" />
		<node id="(8,6)" x="8000.0" y="6000.0" />
		<node id="(8,7)" x="8000.0" y="7000.0" />
		<node id="(8,8)" x="8000.0" y="8000.0" />
		<node id="(8,9)" x="8000.0" y="9000.0" />
		<node id="(9,0)" x="9000.0" y="0.0" />
		<node id="(9,1)" x="9000.0" y="1000.0" />
		<node id="(9,2)" x="9000.0" y="2000.0" />
		<node id="(9,3)" x="9000.0" y="3000.0" />
		<node id="(9,4)" x="9000.0" y="4000.0" />
		<node id="(9,5)" x="9000.0" y="5000.0" />
		<node id="(9,6)" x="9000.0" y="6000.0" />
		<node id="(9,7)" x="9000.0" y="7000.0" />
		<node id="(9,8)" x="9000.0" y="8000.0" />
		<node id="(9,9)" x="9000.0" y="9000.0" />
	</nodes>

<!-- ====================================================================== -->

	<links capperiod="01:00:00" effectivecellsize="7.5" effectivelanewidth="3.75">
		<link id="i(1,0)" from="(0,0)" to="(1,0)" length="1000.0" freespeed="7.5" capacity="10.0" permlanes="1.0" oneway="1" modes="car" />
		<link id="i(1,1)R" from="(1,1)" to="(0,1)" length="1000.0" freespeed="7.5" capacity="10.0" permlanes="1.0" oneway="1" modes="car" />
		<link id="i(1,2)" from="(0,2)" to="(1,2)" length="1000.0" freespeed="7.5" capacity="10.0" permlanes="1.0" oneway="1" modes="car" />
		<link id="i(1,3)R" from="(1,3)" to="(0,3)" length="1000.0" freespeed="7.5" capacity="10.0" permlanes="1.0" oneway="1" modes="car" />
		<link id="i(1,4)" from="(0,4)" to="(1,4)" length="1000.0" freespeed="7.5" capacity="10.0" permlanes="1.0" oneway="1" modes="car" />
		<link id="i(1,5)R" from="(1,5)" to="(0,5)" length="1000.0" freespeed="7.5" capacity="10.0" permlanes="1.0" oneway="1" modes="car" />
		<link id="i(1,6)" from="(0,6)" to="(1,6)" length="1000.0" freespeed="7.5" capacity="10.0" permlanes="1.0" oneway="1" modes="car" />
		<link id="i(1,7)R" from="(1,7)" to="(0,7)" length="1000.0" freespeed="7.5" capacity="10.0" permlanes="1.0" oneway="1" modes="car" />
		<link id="i(1,8)" from="(0,8)" to="(1,8)" length="1000.0" freespeed="7.5" capacity="10.0" permlanes="1.0" oneway="1" modes="car" />
		<link id="i(1,9)R" from="(1,9)" to="(0,9)" length="1000.0" freespeed="7.5" capacity="10.0" permlanes="1.0" oneway="1" modes="car" />
		<link id="i(2,0)" from="(1,0)" to="(2,0)" length="1000.0" freespeed="7.5" capacity="10.0" permlanes="1.0" oneway="1" modes="car" />
		<link id="i(2,1)R" from="(2,1)" to="(1,1)" length="1000.0" freespeed="7.5" capacity="10.0" permlanes="1.0" oneway="1" modes="car" />
		<link id="i(2,2)" from="(1,2)" to="(2,2)" length="1000.0" freespeed="7.5" capacity="10.0" permlanes="1.0" oneway="1" modes="car" />
		<link id="i(2,3)R" from="(2,3)" to="(1,3)" length="1000.0" freespeed="7.5" capacity="10.0" permlanes="1.0" oneway="1" modes="car" />
		<link id="i(2,4)" from="(1,4)" to="(2,4)" length="1000.0" freespeed="7.5" capacity="10.0" permlanes="1.0" oneway="1" modes="car" />
		<link id="i(2,5)R" from="(2,5)" to="(1,5)" length="1000.0" freespeed="7.5" capacity="10.0" permlanes="1.0" oneway="1" modes="car" />
		<link id="i(2,6)" from="(1,6)" to="(2,6)" length="1000.0" freespeed="7.5" capacity="10.0" permlanes="1.0" oneway="1" modes="car" />
		<link id="i(2,7)R" from="(2,7)" to="(1,7)" length="1000.0" freespeed="7.5" capacity="10.0" permlanes="1.0" oneway="1" modes="car" />
		<link id="i(2,8)" from="(1,8)" to="(2,8)" length="1000.0" freespeed="7.5" capacity="10.0" permlanes="1.0" oneway="1" modes="car" />
		<link id="i(2,9)R" from="(2,9)" to="(1,9)" length="1000.0" freespeed="7.5" capacity="10.0" permlanes="1.0" oneway="1" modes="car" />
		<link id="i(3,0)" from="(2,0)" to="(3,0)" length="1000.0" freespeed="7.5" capacity="10.0" permlanes="1.0" oneway="1" modes="car" />
		<link id="i(3,1)R" from="(3,1)" to="(2,1)" length="1000.0" freespeed="7.5" capacity="10.0" permlanes="1.0" oneway="1" modes="car" />
		<link id="i(3,2)" from="(2,2)" to="(3,2)" length="1000.0" freespeed="7.5" capacity="10.0" permlanes="1.0" oneway="1" modes="car" />
		<link id="i(3,3)R" from="(3,3)" to="(2,3)" length="1000.0" freespeed="7.5" capacity="10.0" permlanes="1.0" oneway="1" modes="car" />
		<link id="i(3,4)" from="(2,4)" to="(3,4)" length="1000.0" freespeed="7.5" capacity="10.0" permlanes="1.0" oneway="1" modes="car" />
		<link id="i(3,5)R" from="(3,5)" to="(2,5)" length="1000.0" freespeed="7.5" capacity="10.0" permlanes="1.0" oneway="1" modes="car" />
		<link id="i(3,6)" from="(2,6)" to="(3,6)" length="1000.0" freespeed="7.5" capacity="10.0" permlanes="1.0" oneway="1" modes="car" />
		<link id="i(3,7)R" from="(3,7)" to="(2,7)" length="1000.0" freespeed="7.5" capacity="10.0" permlanes="1.0" oneway="1" modes="car" />
		<link id="i(3,8)" from="(2,8)" to="(3,8)" length="1000.0" freespeed="7.5" capacity="10.0" permlanes="1.0" oneway="1" modes="car" />
		<link id="i(3,9)R" from="(3,9)" to="(2,9)" length="1000.0" freespeed="7.5" capacity="10.0" permlanes="1.0" oneway="1" modes="car" />
		<link id="i(4,0)" from="(3,0)" to="(4,0)" length="1000.0" freespeed="7.5" capacity="10.0" permlanes="1.0" oneway="1" modes="car" />
		<link id="i(4,1)R" from="(4,1)" to="(3,1)" length="1000.0" freespeed="7.5" capacity="10.0" permlanes="1.0" oneway="1" modes="car" />
		<link id="i(4,2)" from="(3,2)" to="(4,2)" length="1000.0" freespeed="7.5" capacity="10.0" permlanes="1.0" oneway="1" modes="car" />
		<link id="i(4,3)R" from="(4,3)" to="(3,3)" length="1000.0" freespeed="7.5" capacity="10.0" permlanes="1.0" oneway="1" modes="car" />
		<link id="i(4,4)" from="(3,4)" to="(4,4)" length="1000.0" freespeed="7.5" capacity="10.0" permlanes="1.0" oneway="1" modes="car" />
		<link id="i(4,5)R" from="(4,5)" to="(3,5)" length="1000.0" freespeed="7.5" capacity="10.0" permlanes="1.0" oneway="1" modes="car" />
		<link id="i(4,6)" from="(3,6)" to="(4,6)" length="1000.0" freespeed="7.5" capacity="10.0" permlanes="1.0" oneway="1" modes="car" />
		<link id="i(4,7)R" from="(4,7)" to="(3,7)" length="1000.0" freespeed="7.5" capacity="10.0" permlanes="1.0" oneway="1" modes="car" />
		<link id="i(4,8)" from="(3,8)" to="(4,8)" length="1000.0" freespeed="7.5" capacity="10.0" permlanes="1.0" oneway="1" modes="car" />
		<link id="i(4,9)R" from="(4,9)" to="(3,9)" length="1000.0" freespeed="7.5" capacity="10.0" permlanes="1.0" oneway="1" modes="car" />
		<link id="i(5,0)" from="(4,0)" to="(5,0)" length="1000.0" freespeed="7.5" capacity="10.0" permlanes="1.0" oneway="1" modes="car" />
		<link id="i(5,1)R" from="(5,1)" to="(4,1)" length="1000.0" freespeed="7.5" capacity="10.0" permlanes="1.0" oneway="1" modes="car" />
		<link id="i(5,2)" from="(4,2)" to="(5,2)" length="1000.0" freespeed="7.5" capacity="10.0" permlanes="1.0" oneway="1" modes="car" />
		<link id="i(5,3)R" from="(5,3)" to="(4,3)" length="1000.0" freespeed="7.5" capacity="10.0" permlanes="1.0" oneway="1" modes="car" />
		<link id="i(5,4)" from="(4,4)" to="(5,4)" length="1000.0" freespeed="7.5" capacity="10.0" permlanes="1.0" oneway="1" modes="car" />
		<link id="i(5,5)R" from="(5,5)" to="(4,5)" length="1000.0" freespeed="7.5" capacity="10.0" permlanes="1.0" oneway="1" modes="car" />
		<link id="i(5,6)" from="(4,6)" to="(5,6)" length="1000.0" freespeed="7.5" capacity="10.0" permlanes="1.0" oneway="1" modes="car" />
		<link id="i(5,7)R" from="(5,7)" to="(4,7)" length="1000.0" freespeed="7.5" capacity="10.0" permlanes="1.0" oneway="1" modes="car" />
		<link id="i(5,8)" from="(4,8)" to="(5,8)" length="1000.0" freespeed="7.5" capacity="10.0" permlanes="1.0" oneway="1" modes="car" />
		<link id="i(5,9)R" from="(5,9)" to="(4,9)" length="1000.0" freespeed="7.5" capacity="10.0" permlanes="1.0" oneway="1" modes="car" />
		<link id="i(6,0)" from="(5,0)" to="(6,0)" length="1000.0" freespeed="7.5" capacity="10.0" permlanes="1.0" oneway="1" modes="car" />
		<link id="i(6,1)R" from="(6,1)" to="(5,1)" length="1000.0" freespeed="7.5" capacity="10.0" permlanes="1.0" oneway="1" modes="car" />
		<link id="i(6,2)" from="(5,2)" to="(6,2)" length="1000.0" freespeed="7.5" capacity="10.0" permlanes="1.0" oneway="1" modes="car" />
		<link id="i(6,3)R" from="(6,3)" to="(5,3)" length="1000.0" freespeed="7.5" capacity="10.0" permlanes="1.0" oneway="1" modes="car" />
		<link id="i(6,4)" from="(5,4)" to="(6,4)" length="1000.0" freespeed="7.5" capacity="10.0" permlanes="1.0" oneway="1" modes="car" />
		<link id="i(6,5)R" from="(6,5)" to="(5,5)" length="1000.0" freespeed="7.5" capacity="10.0" permlanes="1.0" oneway="1" modes="car" />
		<link id="i(6,6)" from="(5,6)" to="(6,6)" length="1000.0" freespeed="7.5" capacity="10.0" permlanes="1.0" oneway="1" modes="car" />
		<link id="i(6,7)R" from="(6,7)" to="(5,7)" length="1000.0" freespeed="7.5" capacity="10.0" permlanes="1.0" oneway="1" modes="car" />
		<link id="i(6,8)" from="(5,8)" to="(6,8)" length="1000.0" freespeed="7.5" capacity="10.0" permlanes="1.0" oneway="1" modes="car" />
		<link id="i(6,9)R" from="(6,9)" to="(5,9)" length="1000.0" freespeed="7.5" capacity="10.0" permlanes="1.0" oneway="1" modes="car" />
		<link id="i(7,0)" from="(6,0)" to="(7,0)" length="1000.0" freespeed="7.5" capacity="10.0" permlanes="1.0" oneway="1" modes="car" />
		<link id="i(7,1)R" from="(7,1)" to="(6,1)" length="1000.0" freespeed="7.5" capacity="10.0" permlanes="1.0" oneway="1" modes="car" />
		<link id="i(7,2)" from="(6,2)" to="(7,2)" length="1000.0" freespeed="7.5" capacity="10.0" permlanes="1.0" oneway="1" modes="car" />
		<link id="i(7,3)R" from="(7,3)" to="(6,3)" length="1000.0" freespeed="7.5" capacity="10.0" permlanes="1.0" oneway="1" modes="car" />
		<link id="i(7,4)" from="(6,4)" to="(7,4)" length="1000.0" freespeed="7.5" capacity="10.0" permlanes="1.0" oneway="1" modes="car" />
		<link id="i(7,5)R" from="(7,5)" to="(6,5)" length="1000.0" freespeed="7.5" capacity="10.0" permlanes="1.0" oneway="1" modes="car" />
		<link id="i(7,6)" from="(6,6)" to="(7,6)" length="1000.0" freespeed="7.5" capacity="10.0" permlanes="1.0" oneway="1" modes="car" />
		<link id="i(7,7)R" from="(7,7)" to="(6,7)" length="1000.0" freespeed="7.5" capacity="10.0" permlanes="1.0" oneway="1" modes="car" />
		<link id="i(7,8)" from="(6,8)" to="(7,8)" length="1000.0" freespeed="7.5" capacity="10.0" permlanes="1.0" oneway="1" modes="car" />
		<link id="i(7,9)R" from="(7,9)" to="(6,9)" length="1000.0" freespeed="7.5" capacity="10.0" permlanes="1.0" oneway="1" modes="car" />
		<link id="i(8,0)" from="(7,0)" to="(8,0)" length="1000.0" freespeed="7.5" capacity="10.0" permlanes="1.0" oneway="1" modes="car" />
		<link id="i(8,1)R" from="(8,1)" to="(7,1)" length="1000.0" freespeed="7.5" capacity="10.0" permlanes="1.0" oneway="1" modes="car" />
		<link id="i(8,2)" from="(7,2)" to="(8,2)" length="1000.0" freespeed="7.5" capacity="10.0" permlanes="1.0" oneway="1" modes="car" />
		<link id="i(8,3)R" from="(8,3)" to="(7,3)" length="1000.0" freespeed="7.5" capacity="10.0" permlanes="1.0" oneway="1" modes="car" />
		<link id="i(8,4)" from="(7,4)" to="(8,4)" length="1000.0" freespeed="7.5" capacity="10.0" permlanes="1.0" oneway="1" modes="car" />
		<link id="i(8,5)R" from="(8,5)" to="(7,5)" length="1000.0" freespeed="7.5" capacity="10.0" permlanes="1.0" oneway="1" modes="car" />
		<link id="i(8,6)" from="(7,6)" to="(8,6)" length="1000.0" freespeed="7.5" capacity="10.0" permlanes="1.0" oneway="1" modes="car" />
		<link id="i(8,7)R" from="(8,7)" to="(7,7)" length="1000.0" freespeed="7.5" capacity="10.0" permlanes="1.0" oneway="1" modes="car" />
		<link id="i(8,8)" from="(7,8)" to="(8,8)" length="1000.0" freespeed="7.5" capacity="10.0" permlanes="1.0" oneway="1" modes="car" />
		<link id="i(8,9)R" from="(8,9)" to="(7,9)" length="1000.0" freespeed="7.5" capacity="10.0" permlanes="1.0" oneway="1" modes="car" />
		<link id="i(9,0)" from="(8,0)" to="(9,0)" length="1000.0" freespeed="7.5" capacity="10.0" permlanes="1.0" oneway="1" modes="car" />
		<link id="i(9,1)R" from="(9,1)" to="(8,1)" length="1000.0" freespeed="7.5" capacity="10.0" permlanes="1.0" oneway="1" modes="car" />
		<link id="i(9,2)" from="(8,2)" to="(9,2)" length="1000.0" freespeed="7.5" capacity="10.0" permlanes="1.0" oneway="1" modes="car" />
		<link id="i(9,3)R" from="(9,3)" to="(8,3)" length="1000.0" freespeed="7.5" capacity="10.0" permlanes="1.0" oneway="1" modes="car" />
		<link id="i(9,4)" from="(8,4)" to="(9,4)" length="1000.0" freespeed="7.5" capacity="10.0" permlanes="1.0" oneway="1" modes="car" />
		<link id="i(9,5)R" from="(9,5)" to="(8,5)" length="1000.0" freespeed="7.5" capacity="10.0" permlanes="1.0" oneway="1" modes="car" />
		<link id="i(9,6)" from="(8,6)" to="(9,6)" length="1000.0" freespeed="7.5" capacity="10.0" permlanes="1.0" oneway="1" modes="car" />
		<link id="i(9,7)R" from="(9,7)" to="(8,7)" length="1000.0" freespeed="7.5" capacity="10.0" permlanes="1.0" oneway="1" modes="car" />
		<link id="i(9,8)" from="(8,8)" to="(9,8)" length="1000.0" freespeed="7.5" capacity="10.0" permlanes="1.0" oneway="1" modes="car" />
		<link id="i(9,9)R" from="(9,9)" to="(8,9)" length="1000.0" freespeed="7.5" capacity="10.0" permlanes="1.0" oneway="1" modes="car" />
		<link id="j(0,1)R" from="(0,1)" to="(0,0)" length="1000.0" freespeed="7.5" capacity="10.0" permlanes="1.0" oneway="1" modes="car" />
		<link id="j(0,2)R" from="(0,2)" to="(0,1)" length="1000.0" freespeed="7.5" capacity="10.0" permlanes="1.0" oneway="1" modes="car" />
		<link id="j(0,3)R" from="(0,3)" to="(0,2)" length="1000.0" freespeed="7.5" capacity="10.0" permlanes="1.0" oneway="1" modes="car" />
		<link id="j(0,4)R" from="(0,4)" to="(0,3)" length="1000.0" freespeed="7.5" capacity="10.0" permlanes="1.0" oneway="1" modes="car" />
		<link id="j(0,5)R" from="(0,5)" to="(0,4)" length="1000.0" freespeed="7.5" capacity="10.0" permlanes="1.0" oneway="1" modes="car" />
		<link id="j(0,6)R" from="(0,6)" to="(0,5)" length="1000.0" freespeed="7.5" capacity="10.0" permlanes="1.0" oneway="1" modes="car" />
		<link id="j(0,7)R" from="(0,7)" to="(0,6)" length="1000.0" freespeed="7.5" capacity="10.0" permlanes="1.0" oneway="1" modes="car" />
		<link id="j(0,8)R" from="(0,8)" to="(0,7)" length="1000.0" freespeed="7.5" capacity="10.0" permlanes="1.0" oneway="1" modes="car" />
		<link id="j(0,9)R" from="(0,9)" to="(0,8)" length="1000.0" freespeed="7.5" capacity="10.0" permlanes="1.0" oneway="1" modes="car" />
		<link id="j(1,1)" from="(1,0)" to="(1,1)" length="1000.0" freespeed="7.5" capacity="10.0" permlanes="1.0" oneway="1" modes="car" />
		<link id="j(1,2)" from="(1,1)" to="(1,2)" length="1000.0" freespeed="7.5" capacity="10.0" permlanes="1.0" oneway="1" modes="car" />
		<link id="j(1,3)" from="(1,2)" to="(1,3)" length="1000.0" freespeed="7.5" capacity="10.0" permlanes="1.0" oneway="1" modes="car" />
		<link id="j(1,4)" from="(1,3)" to="(1,4)" length="1000.0" freespeed="7.5" capacity="10.0" permlanes="1.0" oneway="1" modes="car" />
		<link id="j(1,5)" from="(1,4)" to="(1,5)" length="1000.0" freespeed="7.5" capacity="10.0" permlanes="1.0" oneway="1" modes="car" />
		<link id="j(1,6)" from="(1,5)" to="(1,6)" length="1000.0" freespeed="7.5" capacity="10.0" permlanes="1.0" oneway="1" modes="car" />
		<link id="j(1,7)" from="(1,6)" to="(1,7)" length="1000.0" freespeed="7.5" capacity="10.0" permlanes="1.0" oneway="1" modes="car" />
		<link id="j(1,8)" from="(1,7)" to="(1,8)" length="1000.0" freespeed="7.5" capacity="10.0" permlanes="1.0" oneway="1" modes="car" />
		<link id="j(1,9)" from="(1,8)" to="(1,9)" length="1000.0" freespeed="7.5" capacity="10.0" permlanes="1.0" oneway="1" modes="car" />
		<link id="j(2,1)R" from="(2,1)" to="(2,0)" length="1000.0" freespeed="7.5" capacity="10.0" permlanes="1.0" oneway="1" modes="car" />
		<link id="j(2,2)R" from="(2,2)" to="(2,1)" length="1000.0" freespeed="7.5" capacity="10.0" permlanes="1.0" oneway="1" modes="car" />
		<link id="j(2,3)R" from="(2,3)" to="(2,2)" length="1000.0" freespeed="7.5" capacity="10.0" permlanes="1.0" oneway="1" modes="car" />
		<link id="j(2,4)R" from="(2,4)" to="(2,3)" length="1000.0" freespeed="7.5" capacity="10.0" permlanes="1.0" oneway="1" modes="car" />
		<link id="j(2,5)R" from="(2,5)" to="(2,4)" length="1000.0" freespeed="7.5" capacity="10.0" permlanes="1.0" oneway="1" modes="car" />
		<link id="j(2,6)R" from="(2,6)" to="(2,5)" length="1000.0" freespeed="7.5" capacity="10.0" permlanes="1.0" oneway="1" modes="car" />
		<link id="j(2,7)R" from="(2,7)" to="(2,6)" length="1000.0" freespeed="7.5" capacity="10.0" permlanes="1.0" oneway="1" modes="car" />
		<link id="j(2,8)R" from="(2,8)" to="(2,7)" length="1000.0" freespeed="7.5" capacity="10.0" permlanes="1.0" oneway="1" modes="car" />
		<link id="j(2,9)R" from="(2,9)" to="(2,8)" length="1000.0" freespeed="7.5" capacity="10.0" permlanes="1.0" oneway="1" modes="car" />
		<link id="j(3,1)" from="(3,0)" to="(3,1)" length="1000.0" freespeed="7.5" capacity="10.0" permlanes="1.0" oneway="1" modes="car" />
		<link id="j(3,2)" from="(3,1)" to="(3,2)" length="1000.0" freespeed="7.5" capacity="10.0" permlanes="1.0" oneway="1" modes="car" />
		<link id="j(3,3)" from="(3,2)" to="(3,3)" length="1000.0" freespeed="7.5" capacity="10.0" permlanes="1.0" oneway="1" modes="car" />
		<link id="j(3,4)" from="(3,3)" to="(3,4)" length="1000.0" freespeed="7.5" capacity="10.0" permlanes="1.0" oneway="1" modes="car" />
		<link id="j(3,5)" from="(3,4)" to="(3,5)" length="1000.0" freespeed="7.5" capacity="10.0" permlanes="1.0" oneway="1" modes="car" />
		<link id="j(3,6)" from="(3,5)" to="(3,6)" length="1000.0" freespeed="7.5" capacity="10.0" permlanes="1.0" oneway="1" modes="car" />
		<link id="j(3,7)" from="(3,6)" to="(3,7)" length="1000.0" freespeed="7.5" capacity="10.0" permlanes="1.0" oneway="1" modes="car" />
		<link id="j(3,8)" from="(3,7)" to="(3,8)" length="1000.0" freespeed="7.5" capacity="10.0" permlanes="1.0" oneway="1" modes="car" />
		<link id="j(3,9)" from="(3,8)" to="(3,9)" length="1000.0" freespeed="7.5" capacity="10.0" permlanes="1.0" oneway="1" modes="car" />
		<link id="j(4,1)R" from="(4,1)" to="(4,0)" length="1000.0" freespeed="7.5" capacity="10.0" permlanes="1.0" oneway="1" modes="car" />
		<link id="j(4,2)R" from="(4,2)" to="(4,1)" length="1000.0" freespeed="7.5" capacity="10.0" permlanes="1.0" oneway="1" modes="car" />
		<link id="j(4,3)R" from="(4,3)" to="(4,2)" length="1000.0" freespeed="7.5" capacity="10.0" permlanes="1.0" oneway="1" modes="car" />
		<link id="j(4,4)R" from="(4,4)" to="(4,3)" length="1000.0" freespeed="7.5" capacity="10.0" permlanes="1.0" oneway="1" modes="car" />
		<link id="j(4,5)R" from="(4,5)" to="(4,4)" length="1000.0" freespeed="7.5" capacity="10.0" permlanes="1.0" oneway="1" modes="car" />
		<link id="j(4,6)R" from="(4,6)" to="(4,5)" length="1000.0" freespeed="7.5" capacity="10.0" permlanes="1.0" oneway="1" modes="car" />
		<link id="j(4,7)R" from="(4,7)" to="(4,6)" length="1000.0" freespeed="7.5" capacity="10.0" permlanes="1.0" oneway="1" modes="car" />
		<link id="j(4,8)R" from="(4,8)" to="(4,7)" length="1000.0" freespeed="7.5" capacity="10.0" permlanes="1.0" oneway="1" modes="car" />
		<link id="j(4,9)R" from="(4,9)" to="(4,8)" length="1000.0" freespeed="7.5" capacity="10.0" permlanes="1.0" oneway="1" modes="car" />
		<link id="j(5,1)" from="(5,0)" to="(5,1)" length="1000.0" freespeed="7.5" capacity="10.0" permlanes="1.0" oneway="1" modes="car" />
		<link id="j(5,2)" from="(5,1)" to="(5,2)" length="1000.0" freespeed="7.5" capacity="10.0" permlanes="1.0" oneway="1" modes="car" />
		<link id="j(5,3)" from="(5,2)" to="(5,3)" length="1000.0" freespeed="7.5" capacity="10.0" permlanes="1.0" oneway="1" modes="car" />
		<link id="j(5,4)" from="(5,3)" to="(5,4)" length="1000.0" freespeed="7.5" capacity="10.0" permlanes="1.0" oneway="1" modes="car" />
		<link id="j(5,5)" from="(5,4)" to="(5,5)" length="1000.0" freespeed="7.5" capacity="10.0" permlanes="1.0" oneway="1" modes="car" />
		<link id="j(5,6)" from="(5,5)" to="(5,6)" length="1000.0" freespeed="7.5" capacity="10.0" permlanes="1.0" oneway="1" modes="car" />
		<link id="j(5,7)" from="(5,6)" to="(5,7)" length="1000.0" freespeed="7.5" capacity="10.0" permlanes="1.0" oneway="1" modes="car" />
		<link id="j(5,8)" from="(5,7)" to="(5,8)" length="1000.0" freespeed="7.5" capacity="10.0" permlanes="1.0" oneway="1" modes="car" />
		<link id="j(5,9)" from="(5,8)" to="(5,9)" length="1000.0" freespeed="7.5" capacity="10.0" permlanes="1.0" oneway="1" modes="car" />
		<link id="j(6,1)R" from="(6,1)" to="(6,0)" length="1000.0" freespeed="7.5" capacity="10.0" permlanes="1.0" oneway="1" modes="car" />
		<link id="j(6,2)R" from="(6,2)" to="(6,1)" length="1000.0" freespeed="7.5" capacity="10.0" permlanes="1.0" oneway="1" modes="car" />
		<link id="j(6,3)R" from="(6,3)" to="(6,2)" length="1000.0" freespeed="7.5" capacity="10.0" permlanes="1.0" oneway="1" modes="car" />
		<link id="j(6,4)R" from="(6,4)" to="(6,3)" length="1000.0" freespeed="7.5" capacity="10.0" permlanes="1.0" oneway="1" modes="car" />
		<link id="j(6,5)R" from="(6,5)" to="(6,4)" length="1000.0" freespeed="7.5" capacity="10.0" permlanes="1.0" oneway="1" modes="car" />
		<link id="j(6,6)R" from="(6,6)" to="(6,5)" length="1000.0" freespeed="7.5" capacity="10.0" permlanes="1.0" oneway="1" modes="car" />
		<link id="j(6,7)R" from="(6,7)" to="(6,6)" length="1000.0" freespeed="7.5" capacity="10.0" permlanes="1.0" oneway="1" modes="car" />
		<link id="j(6,8)R" from="(6,8)" to="(6,7)" length="1000.0" freespeed="7.5" capacity="10.0" permlanes="1.0" oneway="1" modes="car" />
		<link id="j(6,9)R" from="(6,9)" to="(6,8)" length="1000.0" freespeed="7.5" capacity="10.0" permlanes="1.0" oneway="1" modes="car" />
		<link id="j(7,1)" from="(7,0)" to="(7,1)" length="1000.0" freespeed="7.5" capacity="10.0" permlanes="1.0" oneway="1" modes="car" />
		<link id="j(7,2)" from="(7,1)" to="(7,2)" length="1000.0" freespeed="7.5" capacity="10.0" permlanes="1.0" oneway="1" modes="car" />
		<link id="j(7,3)" from="(7,2)" to="(7,3)" length="1000.0" freespeed="7.5" capacity="10.0" permlanes="1.0" oneway="1" modes="car" />
		<link id="j(7,4)" from="(7,3)" to="(7,4)" length="1000.0" freespeed="7.5" capacity="10.0" permlanes="1.0" oneway="1" modes="car" />
		<link id="j(7,5)" from="(7,4)" to="(7,5)" length="1000.0" freespeed="7.5" capacity="10.0" permlanes="1.0" oneway="1" modes="car" />
		<link id="j(7,6)" from="(7,5)" to="(7,6)" length="1000.0" freespeed="7.5" capacity="10.0" permlanes="1.0" oneway="1" modes="car" />
		<link id="j(7,7)" from="(7,6)" to="(7,7)" length="1000.0" freespeed="7.5" capacity="10.0" permlanes="1.0" oneway="1" modes="car" />
		<link id="j(7,8)" from="(7,7)" to="(7,8)" length="1000.0" freespeed="7.5" capacity="10.0" permlanes="1.0" oneway="1" modes="car" />
		<link id="j(7,9)" from="(7,8)" to="(7,9)" length="1000.0" freespeed="7.5" capacity="10.0" permlanes="1.0" oneway="1" modes="car" />
		<link id="j(8,1)R" from="(8,1)" to="(8,0)" length="1000.0" freespeed="7.5" capacity="10.0" permlanes="1.0" oneway="1" modes="car" />
		<link id="j(8,2)R" from="(8,2)" to="(8,1)" length="1000.0" freespeed="7.5" capacity="10.0" permlanes="1.0" oneway="1" modes="car" />
		<link id="j(8,3)R" from="(8,3)" to="(8,2)" length="1000.0" freespeed="7.5" capacity="10.0" permlanes="1.0" oneway="1" modes="car" />
		<link id="j(8,4)R" from="(8,4)" to="(8,3)" length="1000.0" freespeed="7.5" capacity="10.0" permlanes="1.0" oneway="1" modes="car" />
		<link id="j(8,5)R" from="(8,5)" to="(8,4)" length="1000.0" freespeed="7.5" capacity="10.0" permlanes="1.0" oneway="1" modes="car" />
		<link id="j(8,6)R" from="(8,6)" to="(8,5)" length="1000.0" freespeed="7.5" capacity="10.0" permlanes="1.0" oneway="1" modes="car" />
		<link id="j(8,7)R" from="(8,7)" to="(8,6)" length="1000.0" freespeed="7.5" capacity="10.0" permlanes="1.0" oneway="1" modes="car" />
		<link id="j(8,8)R" from="(8,8)" to="(8,7)" length="1000.0" freespeed="7.5" capacity="10.0" permlanes="1.0" oneway="1" modes="car" />
		<link id="j(8,9)R" from="(8,9)" to="(8,8)" length="1000.0" freespeed="7.5" capacity="10.0" permlanes="1.0" oneway="1" modes="car" />
		<link id="j(9,1)" from="(9,0)" to="(9,1)" length="1000.0" freespeed="7.5" capacity="10.0" permlanes="1.0" oneway="1" modes="car" />
		<link id="j(9,2)" from="(9,1)" to="(9,2)" length="1000.0" freespeed="7.5" capacity="10.0" permlanes="1.0" oneway="1" modes="car" />
		<link id="j(9,3)" from="(9,2)" to="(9,3)" length="1000.0" freespeed="7.5" capacity="10.0" permlanes="1.0" oneway="1" modes="car" />
		<link id="j(9,4)" from="(9,3)" to="(9,4)" length="1000.0" freespeed="7.5" capacity="10.0" permlanes="1.0" oneway="1" modes="car" />
		<link id="j(9,5)" from="(9,4)" to="(9,5)" length="1000.0" freespeed="7.5" capacity="10.0" permlanes="1.0" oneway="1" modes="car" />
		<link id="j(9,6)" from="(9,5)" to="(9,6)" length="1000.0" freespeed="7.5" capacity="10.0" permlanes="1.0" oneway="1" modes="car" />
		<link id="j(9,7)" from="(9,6)" to="(9,7)" length="1000.0" freespeed="7.5" capacity="10.0" permlanes="1.0" oneway="1" modes="car" />
		<link id="j(9,8)" from="(9,7)" to="(9,8)" length="1000.0" freespeed="7.5" capacity="10.0" permlanes="1.0" oneway="1" modes="car" />
		<link id="j(9,9)" from="(9,8)" to="(9,9)" length="1000.0" freespeed="7.5" capacity="10.0" permlanes="1.0" oneway="1" modes="car" />
	</links>

<!-- ====================================================================== -->

</network>
