<?xml version="1.0" encoding="utf-8"?>
<!DOCTYPE population SYSTEM "http://www.matsim.org/files/dtd/population_v5.dtd">

<population>

<!-- ====================================================================== -->

	<person id="1" employed="no">
		<plan selected="yes">
			<act type="home" link="i(1,9)R" end_time="08:00:00" />
			<leg mode="car">
				<route type="links">i(1,9)R j(0,9)R j(0,8)R j(0,7)R j(0,6)R j(0,5)R j(0,4)R j(0,3)R j(0,2)R j(0,1)R i(1,0)</route>
			</leg>
			<act type="work" link="i(1,0)" max_dur="08:00:00" />
			<leg mode="car">
				<route type="links">i(1,0) j(1,1) j(1,2) j(1,3) j(1,4) j(1,5) j(1,6) j(1,7) j(1,8) j(1,9) i(1,9)R</route>
			</leg>
			<act type="home" link="i(1,9)R" />
		</plan>

	</person>

<!-- ====================================================================== -->

	<person id="10" employed="no">
		<plan selected="yes">
			<act type="home" link="i(5,0)" end_time="08:00:00" />
			<leg mode="car">
				<route type="links">i(5,0) j(5,1) j(5,2) j(5,3) j(5,4) j(5,5) j(5,6) j(5,7) j(5,8) j(5,9) i(5,9)R</route>
			</leg>
			<act type="work" link="i(5,9)R" max_dur="08:00:00" />
			<leg mode="car">
				<route type="links">i(5,9)R j(4,9)R j(4,8)R j(4,7)R j(4,6)R j(4,5)R j(4,4)R j(4,3)R j(4,2)R j(4,1)R i(5,0)</route>
			</leg>
			<act type="home" link="i(5,0)" />
		</plan>

	</person>

<!-- ====================================================================== -->

	<person id="11" employed="no">
		<plan selected="yes">
			<act type="home" link="i(6,9)R" end_time="08:00:00" />
			<leg mode="car">
				<route type="links">i(6,9)R i(5,9)R j(4,9)R j(4,8)R j(4,7)R j(4,6)R j(4,5)R j(4,4)R j(4,3)R j(4,2)R j(4,1)R i(5,0) i(6,0)</route>
			</leg>
			<act type="work" link="i(6,0)" max_dur="08:00:00" />
			<leg mode="car">
				<route type="links">i(6,0) i(7,0) j(7,1) j(7,2) j(7,3) j(7,4) j(7,5) j(7,6) j(7,7) j(7,8) j(7,9) i(7,9)R i(6,9)R</route>
			</leg>
			<act type="home" link="i(6,9)R" />
		</plan>

	</person>

<!-- ====================================================================== -->

	<person id="12" employed="no">
		<plan selected="yes">
			<act type="home" link="i(6,0)" end_time="08:00:00" />
			<leg mode="car">
				<route type="links">i(6,0) i(7,0) j(7,1) j(7,2) j(7,3) j(7,4) j(7,5) j(7,6) j(7,7) j(7,8) j(7,9) i(7,9)R i(6,9)R</route>
			</leg>
			<act type="work" link="i(6,9)R" max_dur="08:00:00" />
			<leg mode="car">
				<route type="links">i(6,9)R i(5,9)R j(4,9)R j(4,8)R j(4,7)R j(4,6)R j(4,5)R j(4,4)R j(4,3)R j(4,2)R j(4,1)R i(5,0) i(6,0)</route>
			</leg>
			<act type="home" link="i(6,0)" />
		</plan>

	</person>

<!-- ====================================================================== -->

	<person id="13" employed="no">
		<plan selected="yes">
			<act type="home" link="i(7,9)R" end_time="08:00:00" />
			<leg mode="car">
				<route type="links">i(7,9)R j(6,9)R j(6,8)R j(6,7)R j(6,6)R j(6,5)R j(6,4)R j(6,3)R j(6,2)R j(6,1)R i(7,0)</route>
			</leg>
			<act type="work" link="i(7,0)" max_dur="08:00:00" />
			<leg mode="car">
				<route type="links">i(7,0) j(7,1) j(7,2) j(7,3) j(7,4) j(7,5) j(7,6) j(7,7) j(7,8) j(7,9) i(7,9)R</route>
			</leg>
			<act type="home" link="i(7,9)R" />
		</plan>

	</person>

<!-- ====================================================================== -->

	<person id="14" employed="no">
		<plan selected="yes">
			<act type="home" link="i(7,0)" end_time="08:00:00" />
			<leg mode="car">
				<route type="links">i(7,0) j(7,1) j(7,2) j(7,3) j(7,4) j(7,5) j(7,6) j(7,7) j(7,8) j(7,9) i(7,9)R</route>
			</leg>
			<act type="work" link="i(7,9)R" max_dur="08:00:00" />
			<leg mode="car">
				<route type="links">i(7,9)R j(6,9)R j(6,8)R j(6,7)R j(6,6)R j(6,5)R j(6,4)R j(6,3)R j(6,2)R j(6,1)R i(7,0)</route>
			</leg>
			<act type="home" link="i(7,0)" />
		</plan>

	</person>

<!-- ====================================================================== -->

	<person id="15" employed="no">
		<plan selected="yes">
			<act type="home" link="i(8,9)R" end_time="08:00:00" />
			<leg mode="car">
				<route type="links">i(8,9)R i(7,9)R j(6,9)R j(6,8)R j(6,7)R j(6,6)R j(6,5)R j(6,4)R j(6,3)R j(6,2)R j(6,1)R i(7,0) i(8,0)</route>
			</leg>
			<act type="work" link="i(8,0)" max_dur="08:00:00" />
			<leg mode="car">
				<route type="links">i(8,0) i(9,0) j(9,1) j(9,2) j(9,3) j(9,4) j(9,5) j(9,6) j(9,7) j(9,8) j(9,9) i(9,9)R i(8,9)R</route>
			</leg>
			<act type="home" link="i(8,9)R" />
		</plan>

	</person>

<!-- ====================================================================== -->

	<person id="16" employed="no">
		<plan selected="yes">
			<act type="home" link="i(8,0)" end_time="08:00:00" />
			<leg mode="car">
				<route type="links">i(8,0) i(9,0) j(9,1) j(9,2) j(9,3) j(9,4) j(9,5) j(9,6) j(9,7) j(9,8) j(9,9) i(9,9)R i(8,9)R</route>
			</leg>
			<act type="work" link="i(8,9)R" max_dur="08:00:00" />
			<leg mode="car">
				<route type="links">i(8,9)R i(7,9)R j(6,9)R j(6,8)R j(6,7)R j(6,6)R j(6,5)R j(6,4)R j(6,3)R j(6,2)R j(6,1)R i(7,0) i(8,0)</route>
			</leg>
			<act type="home" link="i(8,0)" />
		</plan>

	</person>

<!-- ====================================================================== -->

	<person id="17" employed="no">
		<plan selected="yes">
			<act type="home" link="i(9,9)R" end_time="08:00:00" />
			<leg mode="car">
				<route type="links">i(9,9)R j(8,9)R j(8,8)R j(8,7)R j(8,6)R j(8,5)R j(8,4)R j(8,3)R j(8,2)R j(8,1)R i(9,0)</route>
			</leg>
			<act type="work" link="i(9,0)" max_dur="08:00:00" />
			<leg mode="car">
				<route type="links">i(9,0) j(9,1) j(9,2) j(9,3) j(9,4) j(9,5) j(9,6) j(9,7) j(9,8) j(9,9) i(9,9)R</route>
			</leg>
			<act type="home" link="i(9,9)R" />
		</plan>

	</person>

<!-- ====================================================================== -->

	<person id="18" employed="no">
		<plan selected="yes">
			<act type="home" link="i(9,0)" end_time="08:00:00" />
			<leg mode="car">
				<route type="links">i(9,0) j(9,1) j(9,2) j(9,3) j(9,4) j(9,5) j(9,6) j(9,7) j(9,8) j(9,9) i(9,9)R</route>
			</leg>
			<act type="work" link="i(9,9)R" max_dur="08:00:00" />
			<leg mode="car">
				<route type="links">i(9,9)R j(8,9)R j(8,8)R j(8,7)R j(8,6)R j(8,5)R j(8,4)R j(8,3)R j(8,2)R j(8,1)R i(9,0)</route>
			</leg>
			<act type="home" link="i(9,0)" />
		</plan>

	</person>

<!-- ====================================================================== -->

	<person id="19" employed="no">
		<plan selected="yes">
			<act type="home" link="j(0,1)R" end_time="08:00:00" />
			<leg mode="car">
				<route type="links">j(0,1)R i(1,0) i(2,0) i(3,0) i(4,0) i(5,0) i(6,0) i(7,0) i(8,0) i(9,0) j(9,1)</route>
			</leg>
			<act type="work" link="j(9,1)" max_dur="08:00:00" />
			<leg mode="car">
				<route type="links">j(9,1) i(9,1)R i(8,1)R i(7,1)R i(6,1)R i(5,1)R i(4,1)R i(3,1)R i(2,1)R i(1,1)R j(0,1)R</route>
			</leg>
			<act type="home" link="j(0,1)R" />
		</plan>

	</person>

<!-- ====================================================================== -->

	<person id="2" employed="no">
		<plan selected="yes">
			<act type="home" link="i(1,0)" end_time="08:00:00" />
			<leg mode="car">
				<route type="links">i(1,0) j(1,1) j(1,2) j(1,3) j(1,4) j(1,5) j(1,6) j(1,7) j(1,8) j(1,9) i(1,9)R</route>
			</leg>
			<act type="work" link="i(1,9)R" max_dur="08:00:00" />
			<leg mode="car">
				<route type="links">i(1,9)R j(0,9)R j(0,8)R j(0,7)R j(0,6)R j(0,5)R j(0,4)R j(0,3)R j(0,2)R j(0,1)R i(1,0)</route>
			</leg>
			<act type="home" link="i(1,0)" />
		</plan>

	</person>

<!-- ====================================================================== -->

	<person id="20" employed="no">
		<plan selected="yes">
			<act type="home" link="j(9,1)" end_time="08:00:00" />
			<leg mode="car">
				<route type="links">j(9,1) i(9,1)R i(8,1)R i(7,1)R i(6,1)R i(5,1)R i(4,1)R i(3,1)R i(2,1)R i(1,1)R j(0,1)R</route>
			</leg>
			<act type="work" link="j(0,1)R" max_dur="08:00:00" />
			<leg mode="car">
				<route type="links">j(0,1)R i(1,0) i(2,0) i(3,0) i(4,0) i(5,0) i(6,0) i(7,0) i(8,0) i(9,0) j(9,1)</route>
			</leg>
			<act type="home" link="j(9,1)" />
		</plan>

	</person>

<!-- ====================================================================== -->

	<person id="21" employed="no">
		<plan selected="yes">
			<act type="home" link="j(0,2)R" end_time="08:00:00" />
			<leg mode="car">
				<route type="links">j(0,2)R j(0,1)R i(1,0) i(2,0) i(3,0) i(4,0) i(5,0) i(6,0) i(7,0) i(8,0) i(9,0) j(9,1) j(9,2)</route>
			</leg>
			<act type="work" link="j(9,2)" max_dur="08:00:00" />
			<leg mode="car">
				<route type="links">j(9,2) j(9,3) i(9,3)R i(8,3)R i(7,3)R i(6,3)R i(5,3)R i(4,3)R i(3,3)R i(2,3)R i(1,3)R j(0,3)R j(0,2)R</route>
			</leg>
			<act type="home" link="j(0,2)R" />
		</plan>

	</person>

<!-- ====================================================================== -->

	<person id="22" employed="no">
		<plan selected="yes">
			<act type="home" link="j(9,2)" end_time="08:00:00" />
			<leg mode="car">
				<route type="links">j(9,2) j(9,3) i(9,3)R i(8,3)R i(7,3)R i(6,3)R i(5,3)R i(4,3)R i(3,3)R i(2,3)R i(1,3)R j(0,3)R j(0,2)R</route>
			</leg>
			<act type="work" link="j(0,2)R" max_dur="08:00:00" />
			<leg mode="car">
				<route type="links">j(0,2)R j(0,1)R i(1,0) i(2,0) i(3,0) i(4,0) i(5,0) i(6,0) i(7,0) i(8,0) i(9,0) j(9,1) j(9,2)</route>
			</leg>
			<act type="home" link="j(9,2)" />
		</plan>

	</person>

<!-- ====================================================================== -->

	<person id="23" employed="no">
		<plan selected="yes">
			<act type="home" link="j(0,3)R" end_time="08:00:00" />
			<leg mode="car">
				<route type="links">j(0,3)R i(1,2) i(2,2) i(3,2) i(4,2) i(5,2) i(6,2) i(7,2) i(8,2) i(9,2) j(9,3)</route>
			</leg>
			<act type="work" link="j(9,3)" max_dur="08:00:00" />
			<leg mode="car">
				<route type="links">j(9,3) i(9,3)R i(8,3)R i(7,3)R i(6,3)R i(5,3)R i(4,3)R i(3,3)R i(2,3)R i(1,3)R j(0,3)R</route>
			</leg>
			<act type="home" link="j(0,3)R" />
		</plan>

	</person>

<!-- ====================================================================== -->

	<person id="24" employed="no">
		<plan selected="yes">
			<act type="home" link="j(9,3)" end_time="08:00:00" />
			<leg mode="car">
				<route type="links">j(9,3) i(9,3)R i(8,3)R i(7,3)R i(6,3)R i(5,3)R i(4,3)R i(3,3)R i(2,3)R i(1,3)R j(0,3)R</route>
			</leg>
			<act type="work" link="j(0,3)R" max_dur="08:00:00" />
			<leg mode="car">
				<route type="links">j(0,3)R i(1,2) i(2,2) i(3,2) i(4,2) i(5,2) i(6,2) i(7,2) i(8,2) i(9,2) j(9,3)</route>
			</leg>
			<act type="home" link="j(9,3)" />
		</plan>

	</person>

<!-- ====================================================================== -->

	<person id="25" employed="no">
		<plan selected="yes">
			<act type="home" link="j(0,4)R" end_time="08:00:00" />
			<leg mode="car">
				<route type="links">j(0,4)R j(0,3)R i(1,2) i(2,2) i(3,2) i(4,2) i(5,2) i(6,2) i(7,2) i(8,2) i(9,2) j(9,3) j(9,4)</route>
			</leg>
			<act type="work" link="j(9,4)" max_dur="08:00:00" />
			<leg mode="car">
				<route type="links">j(9,4) j(9,5) i(9,5)R i(8,5)R i(7,5)R i(6,5)R i(5,5)R i(4,5)R i(3,5)R i(2,5)R i(1,5)R j(0,5)R j(0,4)R</route>
			</leg>
			<act type="home" link="j(0,4)R" />
		</plan>

	</person>

<!-- ====================================================================== -->

	<person id="26" employed="no">
		<plan selected="yes">
			<act type="home" link="j(9,4)" end_time="08:00:00" />
			<leg mode="car">
				<route type="links">j(9,4) j(9,5) i(9,5)R i(8,5)R i(7,5)R i(6,5)R i(5,5)R i(4,5)R i(3,5)R i(2,5)R i(1,5)R j(0,5)R j(0,4)R</route>
			</leg>
			<act type="work" link="j(0,4)R" max_dur="08:00:00" />
			<leg mode="car">
				<route type="links">j(0,4)R j(0,3)R i(1,2) i(2,2) i(3,2) i(4,2) i(5,2) i(6,2) i(7,2) i(8,2) i(9,2) j(9,3) j(9,4)</route>
			</leg>
			<act type="home" link="j(9,4)" />
		</plan>

	</person>

<!-- ====================================================================== -->

	<person id="27" employed="no">
		<plan selected="yes">
			<act type="home" link="j(0,5)R" end_time="08:00:00" />
			<leg mode="car">
				<route type="links">j(0,5)R i(1,4) i(2,4) i(3,4) i(4,4) i(5,4) i(6,4) i(7,4) i(8,4) i(9,4) j(9,5)</route>
			</leg>
			<act type="work" link="j(9,5)" max_dur="08:00:00" />
			<leg mode="car">
				<route type="links">j(9,5) i(9,5)R i(8,5)R i(7,5)R i(6,5)R i(5,5)R i(4,5)R i(3,5)R i(2,5)R i(1,5)R j(0,5)R</route>
			</leg>
			<act type="home" link="j(0,5)R" />
		</plan>

	</person>

<!-- ====================================================================== -->

	<person id="28" employed="no">
		<plan selected="yes">
			<act type="home" link="j(9,5)" end_time="08:00:00" />
			<leg mode="car">
				<route type="links">j(9,5) i(9,5)R i(8,5)R i(7,5)R i(6,5)R i(5,5)R i(4,5)R i(3,5)R i(2,5)R i(1,5)R j(0,5)R</route>
			</leg>
			<act type="work" link="j(0,5)R" max_dur="08:00:00" />
			<leg mode="car">
				<route type="links">j(0,5)R i(1,4) i(2,4) i(3,4) i(4,4) i(5,4) i(6,4) i(7,4) i(8,4) i(9,4) j(9,5)</route>
			</leg>
			<act type="home" link="j(9,5)" />
		</plan>

	</person>

<!-- ====================================================================== -->

	<person id="29" employed="no">
		<plan selected="yes">
			<act type="home" link="j(0,6)R" end_time="08:00:00" />
			<leg mode="car">
				<route type="links">j(0,6)R j(0,5)R i(1,4) i(2,4) i(3,4) i(4,4) i(5,4) i(6,4) i(7,4) i(8,4) i(9,4) j(9,5) j(9,6)</route>
			</leg>
			<act type="work" link="j(9,6)" max_dur="08:00:00" />
			<leg mode="car">
				<route type="links">j(9,6) j(9,7) i(9,7)R i(8,7)R i(7,7)R i(6,7)R i(5,7)R i(4,7)R i(3,7)R i(2,7)R i(1,7)R j(0,7)R j(0,6)R</route>
			</leg>
			<act type="home" link="j(0,6)R" />
		</plan>

	</person>

<!-- ====================================================================== -->

	<person id="3" employed="no">
		<plan selected="yes">
			<act type="home" link="i(2,9)R" end_time="08:00:00" />
			<leg mode="car">
				<route type="links">i(2,9)R i(1,9)R j(0,9)R j(0,8)R j(0,7)R j(0,6)R j(0,5)R j(0,4)R j(0,3)R j(0,2)R j(0,1)R i(1,0) i(2,0)</route>
			</leg>
			<act type="work" link="i(2,0)" max_dur="08:00:00" />
			<leg mode="car">
				<route type="links">i(2,0) i(3,0) j(3,1) j(3,2) j(3,3) j(3,4) j(3,5) j(3,6) j(3,7) j(3,8) j(3,9) i(3,9)R i(2,9)R</route>
			</leg>
			<act type="home" link="i(2,9)R" />
		</plan>

	</person>

<!-- ====================================================================== -->

	<person id="30" employed="no">
		<plan selected="yes">
			<act type="home" link="j(9,6)" end_time="08:00:00" />
			<leg mode="car">
				<route type="links">j(9,6) j(9,7) i(9,7)R i(8,7)R i(7,7)R i(6,7)R i(5,7)R i(4,7)R i(3,7)R i(2,7)R i(1,7)R j(0,7)R j(0,6)R</route>
			</leg>
			<act type="work" link="j(0,6)R" max_dur="08:00:00" />
			<leg mode="car">
				<route type="links">j(0,6)R j(0,5)R i(1,4) i(2,4) i(3,4) i(4,4) i(5,4) i(6,4) i(7,4) i(8,4) i(9,4) j(9,5) j(9,6)</route>
			</leg>
			<act type="home" link="j(9,6)" />
		</plan>

	</person>

<!-- ====================================================================== -->

	<person id="31" employed="no">
		<plan selected="yes">
			<act type="home" link="j(0,7)R" end_time="08:00:00" />
			<leg mode="car">
				<route type="links">j(0,7)R i(1,6) i(2,6) i(3,6) i(4,6) i(5,6) i(6,6) i(7,6) i(8,6) i(9,6) j(9,7)</route>
			</leg>
			<act type="work" link="j(9,7)" max_dur="08:00:00" />
			<leg mode="car">
				<route type="links">j(9,7) i(9,7)R i(8,7)R i(7,7)R i(6,7)R i(5,7)R i(4,7)R i(3,7)R i(2,7)R i(1,7)R j(0,7)R</route>
			</leg>
			<act type="home" link="j(0,7)R" />
		</plan>

	</person>

<!-- ====================================================================== -->

	<person id="32" employed="no">
		<plan selected="yes">
			<act type="home" link="j(9,7)" end_time="08:00:00" />
			<leg mode="car">
				<route type="links">j(9,7) i(9,7)R i(8,7)R i(7,7)R i(6,7)R i(5,7)R i(4,7)R i(3,7)R i(2,7)R i(1,7)R j(0,7)R</route>
			</leg>
			<act type="work" link="j(0,7)R" max_dur="08:00:00" />
			<leg mode="car">
				<route type="links">j(0,7)R i(1,6) i(2,6) i(3,6) i(4,6) i(5,6) i(6,6) i(7,6) i(8,6) i(9,6) j(9,7)</route>
			</leg>
			<act type="home" link="j(9,7)" />
		</plan>

	</person>

<!-- ====================================================================== -->

	<person id="33" employed="no">
		<plan selected="yes">
			<act type="home" link="j(0,8)R" end_time="08:00:00" />
			<leg mode="car">
				<route type="links">j(0,8)R j(0,7)R i(1,6) i(2,6) i(3,6) i(4,6) i(5,6) i(6,6) i(7,6) i(8,6) i(9,6) j(9,7) j(9,8)</route>
			</leg>
			<act type="work" link="j(9,8)" max_dur="08:00:00" />
			<leg mode="car">
				<route type="links">j(9,8) j(9,9) i(9,9)R i(8,9)R i(7,9)R i(6,9)R i(5,9)R i(4,9)R i(3,9)R i(2,9)R i(1,9)R j(0,9)R j(0,8)R</route>
			</leg>
			<act type="home" link="j(0,8)R" />
		</plan>

	</person>

<!-- ====================================================================== -->

	<person id="34" employed="no">
		<plan selected="yes">
			<act type="home" link="j(9,8)" end_time="08:00:00" />
			<leg mode="car">
				<route type="links">j(9,8) j(9,9) i(9,9)R i(8,9)R i(7,9)R i(6,9)R i(5,9)R i(4,9)R i(3,9)R i(2,9)R i(1,9)R j(0,9)R j(0,8)R</route>
			</leg>
			<act type="work" link="j(0,8)R" max_dur="08:00:00" />
			<leg mode="car">
				<route type="links">j(0,8)R j(0,7)R i(1,6) i(2,6) i(3,6) i(4,6) i(5,6) i(6,6) i(7,6) i(8,6) i(9,6) j(9,7) j(9,8)</route>
			</leg>
			<act type="home" link="j(9,8)" />
		</plan>

	</person>

<!-- ====================================================================== -->

	<person id="35" employed="no">
		<plan selected="yes">
			<act type="home" link="j(0,9)R" end_time="08:00:00" />
			<leg mode="car">
				<route type="links">j(0,9)R i(1,8) i(2,8) i(3,8) i(4,8) i(5,8) i(6,8) i(7,8) i(8,8) i(9,8) j(9,9)</route>
			</leg>
			<act type="work" link="j(9,9)" max_dur="08:00:00" />
			<leg mode="car">
				<route type="links">j(9,9) i(9,9)R i(8,9)R i(7,9)R i(6,9)R i(5,9)R i(4,9)R i(3,9)R i(2,9)R i(1,9)R j(0,9)R</route>
			</leg>
			<act type="home" link="j(0,9)R" />
		</plan>

	</person>

<!-- ====================================================================== -->

	<person id="36" employed="no">
		<plan selected="yes">
			<act type="home" link="j(9,9)" end_time="08:00:00" />
			<leg mode="car">
				<route type="links">j(9,9) i(9,9)R i(8,9)R i(7,9)R i(6,9)R i(5,9)R i(4,9)R i(3,9)R i(2,9)R i(1,9)R j(0,9)R</route>
			</leg>
			<act type="work" link="j(0,9)R" max_dur="08:00:00" />
			<leg mode="car">
				<route type="links">j(0,9)R i(1,8) i(2,8) i(3,8) i(4,8) i(5,8) i(6,8) i(7,8) i(8,8) i(9,8) j(9,9)</route>
			</leg>
			<act type="home" link="j(9,9)" />
		</plan>

	</person>

<!-- ====================================================================== -->

	<person id="4" employed="no">
		<plan selected="yes">
			<act type="home" link="i(2,0)" end_time="08:00:00" />
			<leg mode="car">
				<route type="links">i(2,0) i(3,0) j(3,1) j(3,2) j(3,3) j(3,4) j(3,5) j(3,6) j(3,7) j(3,8) j(3,9) i(3,9)R i(2,9)R</route>
			</leg>
			<act type="work" link="i(2,9)R" max_dur="08:00:00" />
			<leg mode="car">
				<route type="links">i(2,9)R i(1,9)R j(0,9)R j(0,8)R j(0,7)R j(0,6)R j(0,5)R j(0,4)R j(0,3)R j(0,2)R j(0,1)R i(1,0) i(2,0)</route>
			</leg>
			<act type="home" link="i(2,0)" />
		</plan>

	</person>

<!-- ====================================================================== -->

	<person id="5" employed="no">
		<plan selected="yes">
			<act type="home" link="i(3,9)R" end_time="08:00:00" />
			<leg mode="car">
				<route type="links">i(3,9)R j(2,9)R j(2,8)R j(2,7)R j(2,6)R j(2,5)R j(2,4)R j(2,3)R j(2,2)R j(2,1)R i(3,0)</route>
			</leg>
			<act type="work" link="i(3,0)" max_dur="08:00:00" />
			<leg mode="car">
				<route type="links">i(3,0) j(3,1) j(3,2) j(3,3) j(3,4) j(3,5) j(3,6) j(3,7) j(3,8) j(3,9) i(3,9)R</route>
			</leg>
			<act type="home" link="i(3,9)R" />
		</plan>

	</person>

<!-- ====================================================================== -->

	<person id="6" employed="no">
		<plan selected="yes">
			<act type="home" link="i(3,0)" end_time="08:00:00" />
			<leg mode="car">
				<route type="links">i(3,0) j(3,1) j(3,2) j(3,3) j(3,4) j(3,5) j(3,6) j(3,7) j(3,8) j(3,9) i(3,9)R</route>
			</leg>
			<act type="work" link="i(3,9)R" max_dur="08:00:00" />
			<leg mode="car">
				<route type="links">i(3,9)R j(2,9)R j(2,8)R j(2,7)R j(2,6)R j(2,5)R j(2,4)R j(2,3)R j(2,2)R j(2,1)R i(3,0)</route>
			</leg>
			<act type="home" link="i(3,0)" />
		</plan>

	</person>

<!-- ====================================================================== -->

	<person id="7" employed="no">
		<plan selected="yes">
			<act type="home" link="i(4,9)R" end_time="08:00:00" />
			<leg mode="car">
				<route type="links">i(4,9)R i(3,9)R j(2,9)R j(2,8)R j(2,7)R j(2,6)R j(2,5)R j(2,4)R j(2,3)R j(2,2)R j(2,1)R i(3,0) i(4,0)</route>
			</leg>
			<act type="work" link="i(4,0)" max_dur="08:00:00" />
			<leg mode="car">
				<route type="links">i(4,0) i(5,0) j(5,1) j(5,2) j(5,3) j(5,4) j(5,5) j(5,6) j(5,7) j(5,8) j(5,9) i(5,9)R i(4,9)R</route>
			</leg>
			<act type="home" link="i(4,9)R" />
		</plan>

	</person>

<!-- ====================================================================== -->

	<person id="8" employed="no">
		<plan selected="yes">
			<act type="home" link="i(4,0)" end_time="08:00:00" />
			<leg mode="car">
				<route type="links">i(4,0) i(5,0) j(5,1) j(5,2) j(5,3) j(5,4) j(5,5) j(5,6) j(5,7) j(5,8) j(5,9) i(5,9)R i(4,9)R</route>
			</leg>
			<act type="work" link="i(4,9)R" max_dur="08:00:00" />
			<leg mode="car">
				<route type="links">i(4,9)R i(3,9)R j(2,9)R j(2,8)R j(2,7)R j(2,6)R j(2,5)R j(2,4)R j(2,3)R j(2,2)R j(2,1)R i(3,0) i(4,0)</route>
			</leg>
			<act type="home" link="i(4,0)" />
		</plan>

	</person>

<!-- ====================================================================== -->

	<person id="9" employed="no">
		<plan selected="yes">
			<act type="home" link="i(5,9)R" end_time="08:00:00" />
			<leg mode="car">
				<route type="links">i(5,9)R j(4,9)R j(4,8)R j(4,7)R j(4,6)R j(4,5)R j(4,4)R j(4,3)R j(4,2)R j(4,1)R i(5,0)</route>
			</leg>
			<act type="work" link="i(5,0)" max_dur="08:00:00" />
			<leg mode="car">
				<route type="links">i(5,0) j(5,1) j(5,2) j(5,3) j(5,4) j(5,5) j(5,6) j(5,7) j(5,8) j(5,9) i(5,9)R</route>
			</leg>
			<act type="home" link="i(5,9)R" />
		</plan>

	</person>

<!-- ====================================================================== -->

</population>
