<?xml version="1.0" encoding="UTF-8"?>
	<carriers>
		<carrier id="carrier1">
			<capabilities fleetSize="INFINITE">
				<vehicles>
					<vehicle id="carrier_19_heavyVehicle" depotLinkId="j(0,1)R" typeId="heavy" earliestStart="06:00:00" latestEnd="16:00:00"/>
					<vehicle id="carrier_19_lightVehicle" depotLinkId="j(0,1)R" typeId="light" earliestStart="06:00:00" latestEnd="16:00:00"/>
				</vehicles>

			</capabilities>

			<services>
				<service id="1" to="i(1,9)R" capacityDemand="1" earliestStart="04:00:00" latestEnd="10:00:00" serviceDuration="00:05:00"/>
				<service id="2" to="i(3,3)R" capacityDemand="1" earliestStart="04:00:00" latestEnd="10:00:00" serviceDuration="00:05:00"/>
				<service id="3" to="j(7,5)" capacityDemand="1" earliestStart="04:00:00" latestEnd="10:00:00" serviceDuration="00:05:00"/>
				<service id="4" to="i(2,8)" capacityDemand="1" earliestStart="04:00:00" latestEnd="10:00:00" serviceDuration="00:05:00"/>
				<service id="5" to="i(1,7)R" capacityDemand="1" earliestStart="04:00:00" latestEnd="10:00:00" serviceDuration="00:05:00"/>
				<service id="6" to="j(0,6)R" capacityDemand="1" earliestStart="04:00:00" latestEnd="10:00:00" serviceDuration="00:05:00"/>
				<service id="7" to="i(6,6)" capacityDemand="1" earliestStart="04:00:00" latestEnd="10:00:00" serviceDuration="00:05:00"/>
				<service id="8" to="j(1,5)" capacityDemand="1" earliestStart="04:00:00" latestEnd="10:00:00" serviceDuration="00:05:00"/>
				<service id="9" to="i(6,9)R" capacityDemand="1" earliestStart="04:00:00" latestEnd="10:00:00" serviceDuration="00:05:00"/>
				<service id="10" to="i(9,5)R" capacityDemand="1" earliestStart="04:00:00" latestEnd="10:00:00" serviceDuration="00:05:00"/>
				<service id="11" to="j(6,1)R" capacityDemand="1" earliestStart="04:00:00" latestEnd="10:00:00" serviceDuration="00:05:00"/>
				<service id="12" to="i(5,6)" capacityDemand="1" earliestStart="04:00:00" latestEnd="10:00:00" serviceDuration="00:05:00"/>
				<service id="13" to="j(4,2)R" capacityDemand="1" earliestStart="04:00:00" latestEnd="10:00:00" serviceDuration="00:05:00"/>
				<service id="14" to="j(9,2)" capacityDemand="1" earliestStart="04:00:00" latestEnd="10:00:00" serviceDuration="00:05:00"/>
				<service id="15" to="i(3,7)R" capacityDemand="1" earliestStart="04:00:00" latestEnd="10:00:00" serviceDuration="00:05:00"/>
				<service id="16" to="i(7,7)R" capacityDemand="1" earliestStart="04:00:00" latestEnd="10:00:00" serviceDuration="00:05:00"/>
				<service id="17" to="i(3,5)R" capacityDemand="1" earliestStart="04:00:00" latestEnd="10:00:00" serviceDuration="00:05:00"/>
				<service id="18" to="i(5,3)R" capacityDemand="1" earliestStart="04:00:00" latestEnd="10:00:00" serviceDuration="00:05:00"/>
				<service id="19" to="i(4,2)" capacityDemand="1" earliestStart="04:00:00" latestEnd="10:00:00" serviceDuration="00:05:00"/>
				<service id="20" to="j(7,5)" capacityDemand="1" earliestStart="04:00:00" latestEnd="10:00:00" serviceDuration="00:05:00"/>
				<service id="21" to="i(8,4)" capacityDemand="1" earliestStart="04:00:00" latestEnd="10:00:00" serviceDuration="00:05:00"/>
				<service id="22" to="i(4,4)" capacityDemand="1" earliestStart="04:00:00" latestEnd="10:00:00" serviceDuration="00:05:00"/>
				<service id="23" to="i(5,7)R" capacityDemand="1" earliestStart="04:00:00" latestEnd="10:00:00" serviceDuration="00:05:00"/>
				<service id="24" to="j(3,2)" capacityDemand="1" earliestStart="04:00:00" latestEnd="10:00:00" serviceDuration="00:05:00"/>
				<service id="25" to="i(3,6)" capacityDemand="1" earliestStart="04:00:00" latestEnd="10:00:00" serviceDuration="00:05:00"/>
				<service id="26" to="i(6,4)" capacityDemand="1" earliestStart="04:00:00" latestEnd="10:00:00" serviceDuration="00:05:00"/>
				<service id="27" to="j(3,6)" capacityDemand="1" earliestStart="04:00:00" latestEnd="10:00:00" serviceDuration="00:05:00"/>
				<service id="28" to="j(4,3)R" capacityDemand="1" earliestStart="04:00:00" latestEnd="10:00:00" serviceDuration="00:05:00"/>
				<service id="29" to="i(6,6)" capacityDemand="1" earliestStart="04:00:00" latestEnd="10:00:00" serviceDuration="00:05:00"/>
				<service id="30" to="i(5,9)R" capacityDemand="1" earliestStart="04:00:00" latestEnd="10:00:00" serviceDuration="00:05:00"/>
				<service id="31" to="i(6,3)R" capacityDemand="1" earliestStart="04:00:00" latestEnd="10:00:00" serviceDuration="00:05:00"/>
				<service id="32" to="i(1,7)R" capacityDemand="1" earliestStart="04:00:00" latestEnd="10:00:00" serviceDuration="00:05:00"/>
				<service id="33" to="i(5,5)R" capacityDemand="1" earliestStart="04:00:00" latestEnd="10:00:00" serviceDuration="00:05:00"/>
				<service id="34" to="i(6,5)R" capacityDemand="1" earliestStart="04:00:00" latestEnd="10:00:00" serviceDuration="00:05:00"/>
				<service id="35" to="i(6,6)" capacityDemand="1" earliestStart="04:00:00" latestEnd="10:00:00" serviceDuration="00:05:00"/>
				<service id="36" to="i(7,4)" capacityDemand="1" earliestStart="04:00:00" latestEnd="10:00:00" serviceDuration="00:05:00"/>
				<service id="37" to="i(4,3)R" capacityDemand="1" earliestStart="04:00:00" latestEnd="10:00:00" serviceDuration="00:05:00"/>
				<service id="38" to="j(7,3)" capacityDemand="1" earliestStart="04:00:00" latestEnd="10:00:00" serviceDuration="00:05:00"/>
				<service id="39" to="i(5,5)R" capacityDemand="1" earliestStart="04:00:00" latestEnd="10:00:00" serviceDuration="00:05:00"/>
				<service id="40" to="j(3,4)" capacityDemand="1" earliestStart="04:00:00" latestEnd="10:00:00" serviceDuration="00:05:00"/>
				<service id="41" to="j(1,4)" capacityDemand="1" earliestStart="04:00:00" latestEnd="10:00:00" serviceDuration="00:05:00"/>
				<service id="42" to="j(5,3)" capacityDemand="1" earliestStart="04:00:00" latestEnd="10:00:00" serviceDuration="00:05:00"/>
				<service id="43" to="j(2,8)R" capacityDemand="1" earliestStart="04:00:00" latestEnd="10:00:00" serviceDuration="00:05:00"/>
				<service id="44" to="j(9,7)" capacityDemand="1" earliestStart="04:00:00" latestEnd="10:00:00" serviceDuration="00:05:00"/>
				<service id="45" to="j(5,3)" capacityDemand="1" earliestStart="04:00:00" latestEnd="10:00:00" serviceDuration="00:05:00"/>
				<service id="46" to="j(1,7)" capacityDemand="1" earliestStart="04:00:00" latestEnd="10:00:00" serviceDuration="00:05:00"/>
				<service id="47" to="j(6,5)R" capacityDemand="1" earliestStart="04:00:00" latestEnd="10:00:00" serviceDuration="00:05:00"/>
				<service id="48" to="i(1,8)" capacityDemand="1" earliestStart="04:00:00" latestEnd="10:00:00" serviceDuration="00:05:00"/>
				<service id="49" to="j(4,7)R" capacityDemand="1" earliestStart="04:00:00" latestEnd="10:00:00" serviceDuration="00:05:00"/>
				<service id="50" to="i(6,3)R" capacityDemand="1" earliestStart="04:00:00" latestEnd="10:00:00" serviceDuration="00:05:00"/>
			</services>

			<plan score="-958.56" selected="true">
				<tour vehicleId="carrier_19_heavyVehicle">
					<act type="start" end_time="06:00:00"/>
					<leg expected_dep_time="06:00:00" expected_transp_time="00:19:59">
						<route>i(1,0) j(1,1) j(1,2) j(1,3) j(1,4) i(2,4) i(3,4) j(3,5)</route>
					</leg>
					<act type="service" serviceId="27" />
					<leg expected_dep_time="06:24:59" expected_transp_time="00:04:26">
						<route>i(4,6)</route>
					</leg>
					<act type="service" serviceId="12" />
					<leg expected_dep_time="06:34:26" expected_transp_time="00:02:13">
						<route></route>
					</leg>
					<act type="service" serviceId="7" />
					<leg expected_dep_time="06:41:39" expected_transp_time="00:00:00">
						<route></route>
					</leg>
					<act type="service" serviceId="35" />
					<leg expected_dep_time="06:46:39" expected_transp_time="00:06:39">
						<route>i(7,6) j(7,7)</route>
					</leg>
					<act type="service" serviceId="16" />
					<leg expected_dep_time="06:58:19" expected_transp_time="00:04:26">
						<route>i(6,7)R</route>
					</leg>
					<act type="service" serviceId="23" />
					<leg expected_dep_time="07:07:46" expected_transp_time="00:02:13">
						<route></route>
					</leg>
					<act type="service" serviceId="49" />
					<leg expected_dep_time="07:14:59" expected_transp_time="00:08:53">
						<route>j(4,6)R j(4,5)R i(5,4)</route>
					</leg>
					<act type="service" serviceId="26" />
					<leg expected_dep_time="07:28:53" expected_transp_time="00:08:53">
						<route>j(6,4)R i(6,3)R i(5,3)R</route>
					</leg>
					<act type="service" serviceId="28" />
					<leg expected_dep_time="07:42:46" expected_transp_time="00:02:13">
						<route></route>
					</leg>
					<act type="service" serviceId="13" />
					<leg expected_dep_time="07:49:59" expected_transp_time="00:11:06">
						<route>i(4,1)R i(3,1)R i(2,1)R i(1,1)R</route>
					</leg>
					<act type="end"/>
				</tour>
				<tour vehicleId="carrier_19_heavyVehicle">
					<act type="start" end_time="06:00:00"/>
					<leg expected_dep_time="06:00:00" expected_transp_time="00:13:19">
						<route>i(1,0) j(1,1) j(1,2) i(2,2) i(3,2)</route>
					</leg>
					<act type="service" serviceId="19" />
					<leg expected_dep_time="06:18:19" expected_transp_time="00:04:26">
						<route>i(5,2)</route>
					</leg>
					<act type="service" serviceId="42" />
					<leg expected_dep_time="06:27:46" expected_transp_time="00:00:00">
						<route></route>
					</leg>
					<act type="service" serviceId="45" />
					<leg expected_dep_time="06:32:46" expected_transp_time="00:15:33">
						<route>i(5,3)R i(4,3)R j(3,4) j(3,5) j(3,6) j(3,7)</route>
					</leg>
					<act type="service" serviceId="15" />
					<leg expected_dep_time="06:53:19" expected_transp_time="00:04:26">
						<route>j(2,7)R</route>
					</leg>
					<act type="service" serviceId="25" />
					<leg expected_dep_time="07:02:46" expected_transp_time="00:06:39">
						<route>i(4,6) i(5,6)</route>
					</leg>
					<act type="service" serviceId="29" />
					<leg expected_dep_time="07:14:26" expected_transp_time="00:04:26">
						<route>j(6,6)R</route>
					</leg>
					<act type="service" serviceId="34" />
					<leg expected_dep_time="07:23:53" expected_transp_time="00:02:13">
						<route></route>
					</leg>
					<act type="service" serviceId="39" />
					<leg expected_dep_time="07:31:06" expected_transp_time="00:00:00">
						<route></route>
					</leg>
					<act type="service" serviceId="33" />
					<leg expected_dep_time="07:36:06" expected_transp_time="00:04:26">
						<route>i(4,5)R</route>
					</leg>
					<act type="service" serviceId="17" />
					<leg expected_dep_time="07:45:33" expected_transp_time="00:15:33">
						<route>i(2,5)R i(1,5)R j(0,5)R j(0,4)R j(0,3)R j(0,2)R</route>
					</leg>
					<act type="end"/>
				</tour>
				<tour vehicleId="carrier_19_heavyVehicle">
					<act type="start" end_time="06:00:00"/>
					<leg expected_dep_time="06:00:00" expected_transp_time="00:22:13">
						<route>i(1,0) j(1,1) j(1,2) i(2,2) i(3,2) i(4,2) i(5,2) i(6,2) j(6,2)R</route>
					</leg>
					<act type="service" serviceId="11" />
					<leg expected_dep_time="06:27:13" expected_transp_time="00:11:06">
						<route>i(7,0) i(8,0) i(9,0) j(9,1)</route>
					</leg>
					<act type="service" serviceId="14" />
					<leg expected_dep_time="06:43:19" expected_transp_time="00:08:53">
						<route>j(9,3) j(9,4) j(9,5)</route>
					</leg>
					<act type="service" serviceId="10" />
					<leg expected_dep_time="06:57:13" expected_transp_time="00:11:06">
						<route>i(8,5)R j(7,6) i(8,6) i(9,6)</route>
					</leg>
					<act type="service" serviceId="44" />
					<leg expected_dep_time="07:13:19" expected_transp_time="00:13:19">
						<route>i(9,7)R i(8,7)R j(7,8) j(7,9) i(7,9)R</route>
					</leg>
					<act type="service" serviceId="9" />
					<leg expected_dep_time="07:31:39" expected_transp_time="00:02:13">
						<route></route>
					</leg>
					<act type="service" serviceId="30" />
					<leg expected_dep_time="07:38:53" expected_transp_time="00:08:53">
						<route>i(4,9)R i(3,9)R i(2,9)R</route>
					</leg>
					<act type="service" serviceId="1" />
					<leg expected_dep_time="07:52:46" expected_transp_time="00:04:26">
						<route>j(0,9)R</route>
					</leg>
					<act type="service" serviceId="48" />
					<leg expected_dep_time="08:02:13" expected_transp_time="00:02:13">
						<route></route>
					</leg>
					<act type="service" serviceId="4" />
					<leg expected_dep_time="08:09:26" expected_transp_time="00:02:13">
						<route></route>
					</leg>
					<act type="service" serviceId="43" />
					<leg expected_dep_time="08:16:39" expected_transp_time="00:19:59">
						<route>i(2,7)R i(1,7)R j(0,7)R j(0,6)R j(0,5)R j(0,4)R j(0,3)R j(0,2)R</route>
					</leg>
					<act type="end"/>
				</tour>
				<tour vehicleId="carrier_19_heavyVehicle">
					<act type="start" end_time="06:00:00"/>
					<leg expected_dep_time="06:00:00" expected_transp_time="00:22:13">
						<route>i(1,0) j(1,1) j(1,2) i(2,2) i(3,2) i(4,2) i(5,2) i(6,2) i(7,2)</route>
					</leg>
					<act type="service" serviceId="38" />
					<leg expected_dep_time="06:27:13" expected_transp_time="00:04:26">
						<route>j(7,4)</route>
					</leg>
					<act type="service" serviceId="3" />
					<leg expected_dep_time="06:36:39" expected_transp_time="00:06:39">
						<route>i(7,5)R j(6,5)R</route>
					</leg>
					<act type="service" serviceId="36" />
					<leg expected_dep_time="06:48:19" expected_transp_time="00:02:13">
						<route></route>
					</leg>
					<act type="service" serviceId="21" />
					<leg expected_dep_time="06:55:33" expected_transp_time="00:08:53">
						<route>j(8,4)R i(8,3)R j(7,4)</route>
					</leg>
					<act type="service" serviceId="20" />
					<leg expected_dep_time="07:09:26" expected_transp_time="00:04:26">
						<route>i(7,5)R</route>
					</leg>
					<act type="service" serviceId="47" />
					<leg expected_dep_time="07:18:53" expected_transp_time="00:04:26">
						<route>j(6,4)R</route>
					</leg>
					<act type="service" serviceId="31" />
					<leg expected_dep_time="07:28:19" expected_transp_time="00:00:00">
						<route></route>
					</leg>
					<act type="service" serviceId="50" />
					<leg expected_dep_time="07:33:19" expected_transp_time="00:02:13">
						<route></route>
					</leg>
					<act type="service" serviceId="18" />
					<leg expected_dep_time="07:40:33" expected_transp_time="00:02:13">
						<route></route>
					</leg>
					<act type="service" serviceId="37" />
					<leg expected_dep_time="07:47:46" expected_transp_time="00:13:19">
						<route>i(3,3)R i(2,3)R i(1,3)R j(0,3)R j(0,2)R</route>
					</leg>
					<act type="end"/>
				</tour>
				<tour vehicleId="carrier_19_heavyVehicle">
					<act type="start" end_time="06:00:00"/>
					<leg expected_dep_time="06:00:00" expected_transp_time="00:11:06">
						<route>i(1,0) i(2,0) i(3,0) j(3,1)</route>
					</leg>
					<act type="service" serviceId="24" />
					<leg expected_dep_time="06:16:06" expected_transp_time="00:04:26">
						<route>j(3,3)</route>
					</leg>
					<act type="service" serviceId="40" />
					<leg expected_dep_time="06:25:33" expected_transp_time="00:02:13">
						<route></route>
					</leg>
					<act type="service" serviceId="22" />
					<leg expected_dep_time="06:32:46" expected_transp_time="00:06:39">
						<route>j(4,4)R i(4,3)R</route>
					</leg>
					<act type="service" serviceId="2" />
					<leg expected_dep_time="06:44:26" expected_transp_time="00:04:26">
						<route>i(2,3)R</route>
					</leg>
					<act type="service" serviceId="41" />
					<leg expected_dep_time="06:53:53" expected_transp_time="00:02:13">
						<route></route>
					</leg>
					<act type="service" serviceId="8" />
					<leg expected_dep_time="07:01:06" expected_transp_time="00:04:26">
						<route>j(1,6)</route>
					</leg>
					<act type="service" serviceId="46" />
					<leg expected_dep_time="07:10:33" expected_transp_time="00:02:13">
						<route></route>
					</leg>
					<act type="service" serviceId="32" />
					<leg expected_dep_time="07:17:46" expected_transp_time="00:00:00">
						<route></route>
					</leg>
					<act type="service" serviceId="5" />
					<leg expected_dep_time="07:22:46" expected_transp_time="00:04:26">
						<route>j(0,7)R</route>
					</leg>
					<act type="service" serviceId="6" />
					<leg expected_dep_time="07:32:13" expected_transp_time="00:11:06">
						<route>j(0,5)R j(0,4)R j(0,3)R j(0,2)R</route>
					</leg>
					<act type="end"/>
				</tour>
			</plan>

		</carrier>

	

	</carriers>
