<?xml version="1.0" encoding="UTF-8"?>
	<carriers>
		<carrier id="carrier1">
			<capabilities fleetSize="INFINITE">
				<vehicles>
					<vehicle id="carrier_19_heavyVehicle" depotLinkId="j(0,1)R" typeId="heavy" earliestStart="06:00:00" latestEnd="16:00:00"/>
<!-- 					<vehicle id="carrier_19_lightVehicle" depotLinkId="j(0,1)R" typeId="light" earliestStart="06:00:00" latestEnd="16:00:00"/> -->
				</vehicles>

			</capabilities>

			<services>
				<service id="1" to="j(9,7)" capacityDemand="1" earliestStart="04:00:00" latestEnd="22:00:00" serviceDuration="00:05:00"/>
			</services>

		</carrier>

		

	</carriers>
