<?xml version="1.0" encoding="UTF-8"?>
	<carriers>
		<carrier id="carrier1">
			<capabilities fleetSize="INFINITE">
				<vehicles>
					<vehicle id="carrier_19_heavyVehicle" depotLinkId="j(0,1)R" typeId="heavy" earliestStart="08:00:00" latestEnd="16:00:00"/>
				</vehicles>

			</capabilities>

			<services>
				<service id="1" to="j(9,7)" capacityDemand="1" earliestStart="04:00:00" latestEnd="22:00:00" serviceDuration="00:05:00"/>
			</services>

			<plan score="-188.7733333333333" selected="true">
				<tour vehicleId="carrier_19_heavyVehicle">
					<act type="start" end_time="08:00:00"/>
					<leg expected_dep_time="06:00:00" expected_transp_time="00:35:33">
						<route>i(1,0) j(1,1) j(1,2) j(1,3) j(1,4) j(1,5) j(1,6) i(2,6) i(3,6) i(4,6) i(5,6) i(6,6) i(7,6) i(8,6) i(9,6)</route>
					</leg>
					<act type="service" serviceId="1" />
					<leg expected_dep_time="06:40:33" expected_transp_time="00:35:33">
						<route>i(9,7)R i(8,7)R i(7,7)R i(6,7)R i(5,7)R i(4,7)R i(3,7)R i(2,7)R i(1,7)R j(0,7)R j(0,6)R j(0,5)R j(0,4)R j(0,3)R j(0,2)R</route>
					</leg>
					<act type="end"/>
				</tour>
			</plan>

		</carrier>

	</carriers>
