<?xml version="1.0" encoding="UTF-8"?>
<!DOCTYPE transitSchedule SYSTEM "http://www.matsim.org/files/dtd/transitSchedule_v1.dtd">
<transitSchedule>
	<transitStops>
		<!-- all nodes except for the ones next to external zones -->
		<stopFacility id="1" x="3940.1918" y="-2485.0446"/>
		<stopFacility id="2" x="3893.7418" y="-2584.9121"/>
		<stopFacility id="3" x="4762.3569" y="-4156.0548"/>
		<stopFacility id="4" x="4402.3694" y="-4395.2724"/>
		<stopFacility id="5" x="4294.8376" y="-3523.1736"/>
		<stopFacility id="6" x="3150.8321" y="-2587.9409"/>
		<stopFacility id="7" x="3079.0088" y="-2674.396"/>
		<stopFacility id="8" x="5829.5094" y="-4750.7508"/>
		<stopFacility id="9" x="765.5907" y="-3127.4676"/>
		<stopFacility id="10" x="1796.9609" y="-2847.2518"/>
		<stopFacility id="11" x="1613.9342" y="-3276.3321"/>
		<stopFacility id="12" x="1101.8713" y="-2916.9678"/>
		<stopFacility id="13" x="1048.5264" y="-3816.5737"/>
		<stopFacility id="14" x="1510.9523" y="-3678.7814"/>
		<stopFacility id="15" x="1595.7554" y="-3949.9319"/>
		<stopFacility id="16" x="299.5735" y="-3886.1963"/>
		<stopFacility id="17" x="1223.8026" y="-4057.896"/>
		<stopFacility id="18" x="1348.8111" y="-4069.7988"/>
		<stopFacility id="19" x="1823.7334" y="-3878.1925"/>
		<stopFacility id="20" x="2126.3116" y="-4535.0972"/>
		<stopFacility id="21" x="2587.1827" y="-3972.6167"/>
		<stopFacility id="22" x="2601.6984" y="-3163.3705"/>
		<stopFacility id="23" x="2950.5903" y="-2910.665"/>
		<stopFacility id="24" x="2457.5143" y="-3263.2317"/>
		<stopFacility id="25" x="2536.7609" y="-2894.4909"/>
		<stopFacility id="26" x="2699.6788" y="-3083.5346"/>
		<stopFacility id="27" x="2761.3702" y="-3039.9877"/>
		<stopFacility id="28" x="2932.776" y="-3384.8423"/>
		<stopFacility id="29" x="2598.9688" y="-3452.5322"/>
		<stopFacility id="30" x="4992.5426" y="-3523.8228"/>
		<stopFacility id="31" x="4900.9804" y="-2016.2967"/>
		<stopFacility id="32" x="3505.2961" y="-1733.5814"/>
		<stopFacility id="33" x="2169.8585" y="-3943.5854"/>
		<stopFacility id="34" x="1934.2726" y="-2160.6928"/>
		<stopFacility id="37" x="1861.8445" y="-2562.0658"/>
		<stopFacility id="38" x="2027.2985" y="-2631.0689"/>
		<stopFacility id="39" x="1538.4881" y="-3233.8937"/>
		<stopFacility id="40" x="1378.7569" y="-3500.8588"/>
		<stopFacility id="41" x="954.1748" y="-3635.1284"/>
		<stopFacility id="42" x="1314.5077" y="-3446.0856"/>
		<stopFacility id="43" x="1822.2631" y="-3661.9329"/>
		<stopFacility id="44" x="1426.3949" y="-4213.3517"/>
		<stopFacility id="45" x="679.8215" y="-4139.695"/>
		<stopFacility id="46" x="619.2843" y="-3731.0713"/>
		<stopFacility id="47" x="1287.5057" y="-4235.2316"/>
		<stopFacility id="48" x="2741.0544" y="-3358.0269"/>
		<stopFacility id="49" x="2808.546" y="-3457.3119"/>
		<stopFacility id="50" x="2681.3028" y="-3558.6515"/>
		<stopFacility id="52" x="3164.1789" y="-3925.4409"/>
		<stopFacility id="53" x="2319.0333" y="-3057.3292"/>
		<stopFacility id="54" x="2149.0481" y="-3307.914"/>
		<stopFacility id="55" x="2377.5819" y="-3143.3224"/>
		<stopFacility id="56" x="4303.2394" y="-3448.3823"/>
		<stopFacility id="57" x="4319.2034" y="-3878.7937"/>
		<stopFacility id="58" x="3585.7773" y="-3359.3469"/>
		<stopFacility id="59" x="3226.9121" y="-3345.9461"/>
		<stopFacility id="60" x="3577.0447" y="-3774.6099"/>
		<stopFacility id="61" x="5244.5469" y="-3856.8461"/>
		<stopFacility id="62" x="5420.9958" y="-4270.5499"/>
		<stopFacility id="63" x="4954.4016" y="-4463.2973"/>
		<stopFacility id="64" x="4752.2512" y="-3836.1341"/>
		<stopFacility id="65" x="4555.8645" y="-3832.178"/>
		<stopFacility id="66" x="4384.5801" y="-2946.7248"/>
		<stopFacility id="67" x="4638.1194" y="-3007.4327"/>
		<stopFacility id="68" x="4730.3495" y="-3422.5444"/>
		<stopFacility id="69" x="5368.5721" y="-2591.6085"/>
		<stopFacility id="70" x="4701.2855" y="-2516.1463"/>
		<stopFacility id="71" x="4696.8382" y="-2720.0329"/>
		<stopFacility id="72" x="4062.3332" y="-3588.3155"/>
		<stopFacility id="73" x="4245.6001" y="-6052.7489"/>
		<stopFacility id="74" x="2217.434" y="-1245.5502"/>
		<stopFacility id="75" x="1964.4113" y="-1182.1982"/>
		<stopFacility id="76" x="1730.3667" y="-2085.3018"/>
		<stopFacility id="77" x="2574.0875" y="-1745.0918"/>
		<stopFacility id="78" x="2392.6422" y="-1917.4649"/>
		<stopFacility id="79" x="2791.8219" y="-1876.6397"/>
		<stopFacility id="80" x="2642.1295" y="-2162.4161"/>
		<stopFacility id="81" x="2524.19" y="-2439.1202"/>
		<stopFacility id="82" x="2562.3759" y="-2696.8893"/>
		<stopFacility id="83" x="2450.7677" y="-2788.3715"/>
		<stopFacility id="84" x="2252.022" y="-2543.4512"/>
		<stopFacility id="85" x="2624.5838" y="-2826.794"/>
		<stopFacility id="86" x="2814.5025" y="-2711.2882"/>
		<stopFacility id="88" x="2682.9547" y="-2933.5587"/>
		<stopFacility id="89" x="2612.3252" y="-2974.8122"/>
		<stopFacility id="90" x="2254.6725" y="-3481.4399"/>
		<stopFacility id="91" x="2419.859" y="-3745.5265"/>
		<stopFacility id="92" x="1848.3062" y="-4230.8927"/>
		<stopFacility id="93" x="2926.2134" y="-4002.7119"/>
		<stopFacility id="94" x="1864.3641" y="-3389.8029"/>
		<stopFacility id="95" x="1269.2234" y="-3653.9873"/>
		<stopFacility id="96" x="1312.7703" y="-3738.178"/>
		<stopFacility id="97" x="868.5922" y="-3456.5748"/>
		<stopFacility id="98" x="1026.4831" y="-3391.3778"/>
		<stopFacility id="99" x="743.7578" y="-3810.7561"/>
		<stopFacility id="100" x="482.4765" y="-3552.378"/>
		<stopFacility id="101" x="1693.0797" y="-4371.0593"/>
		<stopFacility id="102" x="2236.6993" y="-2938.4023"/>
		<stopFacility id="103" x="1116.4619" y="-3271.6167"/>
		<stopFacility id="104" x="1750.9159" y="-2836.2459"/>
		<stopFacility id="105" x="275.4307" y="-3791.1343"/>
		<stopFacility id="106" x="2878.6962" y="-3263.1629"/>
		<stopFacility id="107" x="2052.0274" y="-2886.637"/>
		<stopFacility id="108" x="840.7649" y="-3299.2325"/>
		<stopFacility id="110" x="805.3995" y="-3184.2952"/>
		<stopFacility id="111" x="2520.1519" y="-164.2551"/>
		<stopFacility id="112" x="186.9775" y="-3937.1252"/>
		<stopFacility id="113" x="1583.908" y="-3677.7794"/>
		<stopFacility id="115" x="4517.6647" y="-2405.6406"/>
		<stopFacility id="116" x="4526.8744" y="-2534.5767"/>
		<stopFacility id="118" x="1550.5614" y="-3384.5419"/>
		<stopFacility id="119" x="2730.2309" y="-2593.6847"/>
		<stopFacility id="120" x="2063.0051" y="-2421.5734"/>
		<stopFacility id="121" x="2096.0127" y="-2136.2931"/>
		<stopFacility id="122" x="4593.3207" y="-6607.3457"/>
		<stopFacility id="123" x="6160.9417" y="-461.9447"/>
		<stopFacility id="124" x="6152.1137" y="-1088.1646"/>
		<stopFacility id="125" x="6929.1162" y="-1340.4466"/>
		<stopFacility id="126" x="5361.1157" y="-528.5698"/>
		<stopFacility id="127" x="4319.2163" y="-1899.6337"/>
		<stopFacility id="128" x="4536.8768" y="-755.1322"/>
		<stopFacility id="129" x="5243.3813" y="-893.1027"/>
		<stopFacility id="130" x="6482.8119" y="-3971.3295"/>
		<stopFacility id="133" x="6145.8768" y="-6001.0245"/>
		<stopFacility id="134" x="5328.1633" y="-5488.0951"/>
		<stopFacility id="135" x="5680.3376" y="-6729.9975"/>
		<stopFacility id="137" x="5181.5449" y="-5317.1821"/>
		<stopFacility id="138" x="6149.5937" y="-4806.5123"/>
		<stopFacility id="139" x="6781.4632" y="-9847.5303"/>
		<stopFacility id="140" x="5004.3302" y="-7044.19"/>
		<stopFacility id="141" x="6112.7222" y="-5204.3154"/>
		<stopFacility id="142" x="4345.2716" y="-6312.8376"/>
		<stopFacility id="143" x="3052.4579" y="-1098.5109"/>
		<stopFacility id="144" x="3510.3775" y="-1128.2459"/>
		<stopFacility id="145" x="1894.0487" y="-2383.0383"/>
		<stopFacility id="146" x="1544.4978" y="-2061.5003"/>
		<stopFacility id="147" x="1546.9337" y="-2313.6153"/>
		<stopFacility id="148" x="6789.9883" y="-3891.8728"/>
		<stopFacility id="149" x="6864.3259" y="-4977.2016"/>
		<stopFacility id="150" x="4474.6696" y="-1114.2999"/>
		<stopFacility id="151" x="4238.7459" y="-1318.4813"/>
		<stopFacility id="152" x="4288.0543" y="-1080.2883"/>
		<stopFacility id="153" x="4352.4913" y="-794.5239"/>
		<stopFacility id="154" x="4425.2212" y="-1362.9485"/>
		<stopFacility id="155" x="4163.9014" y="-1665.433"/>
		<stopFacility id="156" x="4357.3695" y="-1706.4735"/>
		<stopFacility id="157" x="4875.2867" y="-824.284"/>
		<stopFacility id="158" x="4801.7724" y="-1177.5112"/>
		<stopFacility id="159" x="4740.8093" y="-1505.636"/>
		<stopFacility id="160" x="4685.2253" y="-1771.0047"/>
		<stopFacility id="161" x="5036.1575" y="-1573.5919"/>
		<stopFacility id="162" x="4963.1453" y="-1824.7957"/>
		<stopFacility id="163" x="4645.7786" y="-1961.0661"/>
		<stopFacility id="164" x="6223.5498" y="-2334.737"/>
		<stopFacility id="165" x="5333.9819" y="-1235.7767"/>
		<stopFacility id="166" x="5610.6972" y="-496.0916"/>
		<stopFacility id="167" x="5133.7227" y="-1253.3148"/>
		<stopFacility id="169" x="5795.8837" y="-3741.4614"/>
		<stopFacility id="170" x="5365.891" y="-5163.0934"/>
		<stopFacility id="171" x="5430.3281" y="-5107.0612"/>
		<stopFacility id="172" x="5508.7732" y="-5037.0209"/>
		<stopFacility id="173" x="5529.0849" y="-5342.0464"/>
		<stopFacility id="174" x="5637.6474" y="-5289.5162"/>
		<stopFacility id="175" x="5700.6836" y="-5254.496"/>
		<stopFacility id="176" x="4974.2256" y="-5490.882"/>
		<stopFacility id="177" x="3068.3065" y="-5036.7407"/>
		<stopFacility id="178" x="3478.4625" y="-5343.7974"/>
		<stopFacility id="179" x="3778.7953" y="-5650.8541"/>
		<stopFacility id="180" x="1397.0049" y="-3159.6038"/>
		<stopFacility id="181" x="1882.4682" y="-3780.6091"/>
		<stopFacility id="182" x="1932.6731" y="-3400.4864"/>
		<stopFacility id="183" x="1085.9139" y="-3894.4667"/>
		<stopFacility id="184" x="1388.5776" y="-4039.3436"/>
		<stopFacility id="185" x="1305.3809" y="-3857.1716"/>
		<stopFacility id="186" x="1761.2144" y="-1319.2512"/>
		<stopFacility id="187" x="1873.2789" y="-1134.3448"/>
		<stopFacility id="188" x="1621.1338" y="-1576.9995"/>
		<stopFacility id="189" x="1811.6434" y="-1649.8414"/>
		<stopFacility id="190" x="1820.0483" y="-1854.3591"/>
		<stopFacility id="191" x="1996.5498" y="-1935.6058"/>
		<stopFacility id="192" x="2141.5332" y="-1461.0828"/>
		<stopFacility id="193" x="2645.8234" y="-1671.2037"/>
		<stopFacility id="194" x="2368.7265" y="-676.0186"/>
		<stopFacility id="195" x="2828.1908" y="-628.3912"/>
		<stopFacility id="196" x="2971.073" y="-869.3298"/>
		<stopFacility id="197" x="5040.3809" y="-2768.4835"/>
		<stopFacility id="198" x="4921.3124" y="-3241.2555"/>
		<stopFacility id="199" x="4613.1351" y="-3115.183"/>
		<stopFacility id="200" x="5099.9151" y="-2561.8646"/>
		<stopFacility id="201" x="3403.1123" y="-4821.641"/>
		<stopFacility id="202" x="3146.0644" y="-3809.9089"/>
		<stopFacility id="203" x="3580.3142" y="-3662.8242"/>
		<stopFacility id="204" x="3727.3989" y="-3953.4915"/>
		<stopFacility id="205" x="3877.9855" y="-3876.4471"/>
		<stopFacility id="206" x="3807.9452" y="-3683.8363"/>
		<stopFacility id="207" x="3469.4589" y="-3813.1033"/>
		<stopFacility id="208" x="3490.1864" y="-3868.3645"/>
		<stopFacility id="209" x="3640.801" y="-3810.9875"/>
		<stopFacility id="210" x="3827.2763" y="-3735.6801"/>
		<stopFacility id="212" x="2254.7195" y="-3482.6469"/>
		<stopFacility id="213" x="2312.7228" y="-3359.1399"/>
		<stopFacility id="214" x="2193.716" y="-3377.6409"/>
	</transitStops>
</transitSchedule>