<?xml version="1.0" encoding="UTF-8"?>
<!DOCTYPE transitSchedule SYSTEM "http://www.matsim.org/files/dtd/transitSchedule_v2.dtd">

<transitSchedule>

	<transitStops>
		<stopFacility id="1" x="3940.1918" y="-2485.0446" linkRefId="149" isBlocking="false"/>
		<stopFacility id="10" x="1796.9609" y="-2847.2518" linkRefId="211" isBlocking="false"/>
		<stopFacility id="100" x="482.4765" y="-3552.378" linkRefId="193" isBlocking="false"/>
		<stopFacility id="103" x="1116.4619" y="-3271.6167" linkRefId="207" isBlocking="false"/>
		<stopFacility id="104" x="1750.9159" y="-2836.2459" linkRefId="211" isBlocking="false"/>
		<stopFacility id="105" x="275.4307" y="-3791.1343" linkRefId="219" isBlocking="false"/>
		<stopFacility id="106" x="2878.6962" y="-3263.1629" linkRefId="225" isBlocking="false"/>
		<stopFacility id="112" x="186.9775" y="-3937.1252" linkRefId="251" isBlocking="false"/>
		<stopFacility id="119" x="2730.2309" y="-2593.6847" linkRefId="279" isBlocking="false"/>
		<stopFacility id="121" x="2096.0127" y="-2136.2931" linkRefId="289" isBlocking="false"/>
		<stopFacility id="122" x="4593.3207" y="-6607.3457" linkRefId="317" isBlocking="false"/>
		<stopFacility id="124" x="6152.1137" y="-1088.1646" linkRefId="297" isBlocking="false"/>
		<stopFacility id="125" x="6929.1162" y="-1340.4466" linkRefId="299" isBlocking="false"/>
		<stopFacility id="126" x="5361.1157" y="-528.5698" linkRefId="303" isBlocking="false"/>
		<stopFacility id="129" x="5243.3813" y="-893.1027" linkRefId="303" isBlocking="false"/>
		<stopFacility id="13" x="1048.5264" y="-3816.5737" linkRefId="189" isBlocking="false"/>
		<stopFacility id="130" x="6482.8119" y="-3971.3295" linkRefId="345" isBlocking="false"/>
		<stopFacility id="139" x="6781.4632" y="-9847.5303" linkRefId="315" isBlocking="false"/>
		<stopFacility id="14" x="1510.9523" y="-3678.7814" linkRefId="229" isBlocking="false"/>
		<stopFacility id="140" x="5004.3302" y="-7044.19" linkRefId="315" isBlocking="false"/>
		<stopFacility id="142" x="4345.2716" y="-6312.8376" linkRefId="325" isBlocking="false"/>
		<stopFacility id="143" x="3052.4579" y="-1098.5109" linkRefId="329" isBlocking="false"/>
		<stopFacility id="144" x="3510.3775" y="-1128.2459" linkRefId="331" isBlocking="false"/>
		<stopFacility id="145" x="1894.0487" y="-2383.0383" linkRefId="335" isBlocking="false"/>
		<stopFacility id="146" x="1544.4978" y="-2061.5003" linkRefId="339" isBlocking="false"/>
		<stopFacility id="147" x="1546.9337" y="-2313.6153" linkRefId="341" isBlocking="false"/>
		<stopFacility id="148" x="6789.9883" y="-3891.8728" linkRefId="345" isBlocking="false"/>
		<stopFacility id="150" x="4474.6696" y="-1114.2999" linkRefId="351" isBlocking="false"/>
		<stopFacility id="154" x="4425.2212" y="-1362.9485" linkRefId="357" isBlocking="false"/>
		<stopFacility id="156" x="4357.3695" y="-1706.4735" linkRefId="367" isBlocking="false"/>
		<stopFacility id="157" x="4875.2867" y="-824.284" linkRefId="373" isBlocking="false"/>
		<stopFacility id="158" x="4801.7724" y="-1177.5112" linkRefId="377" isBlocking="false"/>
		<stopFacility id="16" x="299.5735" y="-3886.1963" linkRefId="197" isBlocking="false"/>
		<stopFacility id="160" x="4685.2253" y="-1771.0047" linkRefId="381" isBlocking="false"/>
		<stopFacility id="162" x="4963.1453" y="-1824.7957" linkRefId="387" isBlocking="false"/>
		<stopFacility id="163" x="4645.7786" y="-1961.0661" linkRefId="393" isBlocking="false"/>
		<stopFacility id="165" x="5333.9819" y="-1235.7767" linkRefId="413" isBlocking="false"/>
		<stopFacility id="170" x="5365.891" y="-5163.0934" linkRefId="419" isBlocking="false"/>
		<stopFacility id="172" x="5508.7732" y="-5037.0209" linkRefId="423" isBlocking="false"/>
		<stopFacility id="173" x="5529.0849" y="-5342.0464" linkRefId="431" isBlocking="false"/>
		<stopFacility id="174" x="5637.6474" y="-5289.5162" linkRefId="427" isBlocking="false"/>
		<stopFacility id="176" x="4974.2256" y="-5490.882" linkRefId="443" isBlocking="false"/>
		<stopFacility id="178" x="3478.4625" y="-5343.7974" linkRefId="449" isBlocking="false"/>
		<stopFacility id="179" x="3778.7953" y="-5650.8541" linkRefId="451" isBlocking="false"/>
		<stopFacility id="186" x="1761.2144" y="-1319.2512" linkRefId="483" isBlocking="false"/>
		<stopFacility id="189" x="1811.6434" y="-1649.8414" linkRefId="489" isBlocking="false"/>
		<stopFacility id="190" x="1820.0483" y="-1854.3591" linkRefId="493" isBlocking="false"/>
		<stopFacility id="196" x="2971.073" y="-869.3298" linkRefId="517" isBlocking="false"/>
		<stopFacility id="197" x="5040.3809" y="-2768.4835" linkRefId="527" isBlocking="false"/>
		<stopFacility id="198" x="4921.3124" y="-3241.2555" linkRefId="525" isBlocking="false"/>
		<stopFacility id="199" x="4613.1351" y="-3115.183" linkRefId="521" isBlocking="false"/>
		<stopFacility id="202" x="3146.0644" y="-3809.9089" linkRefId="541" isBlocking="false"/>
		<stopFacility id="203" x="3580.3142" y="-3662.8242" linkRefId="545" isBlocking="false"/>
		<stopFacility id="205" x="3877.9855" y="-3876.4471" linkRefId="559" isBlocking="false"/>
		<stopFacility id="206" x="3807.9452" y="-3683.8363" linkRefId="551" isBlocking="false"/>
		<stopFacility id="207" x="3469.4589" y="-3813.1033" linkRefId="555" isBlocking="false"/>
		<stopFacility id="208" x="3490.1864" y="-3868.3645" linkRefId="561" isBlocking="false"/>
		<stopFacility id="21" x="2587.1827" y="-3972.6167" linkRefId="100" isBlocking="false"/>
		<stopFacility id="212" x="2254.7195" y="-3482.6469" linkRefId="577" isBlocking="false"/>
		<stopFacility id="26" x="2699.6788" y="-3083.5346" linkRefId="103" isBlocking="false"/>
		<stopFacility id="27" x="2761.3702" y="-3039.9877" linkRefId="107" isBlocking="false"/>
		<stopFacility id="28" x="2932.776" y="-3384.8423" linkRefId="143" isBlocking="false"/>
		<stopFacility id="34" x="1934.2726" y="-2160.6928" linkRefId="165" isBlocking="false"/>
		<stopFacility id="38" x="2027.2985" y="-2631.0689" linkRefId="235" isBlocking="false"/>
		<stopFacility id="39" x="1538.4881" y="-3233.8937" linkRefId="203" isBlocking="false"/>
		<stopFacility id="41" x="954.1748" y="-3635.1284" linkRefId="187" isBlocking="false"/>
		<stopFacility id="43" x="1822.2631" y="-3661.9329" linkRefId="255" isBlocking="false"/>
		<stopFacility id="44" x="1426.3949" y="-4213.3517" linkRefId="17" isBlocking="false"/>
		<stopFacility id="47" x="1287.5057" y="-4235.2316" linkRefId="175" isBlocking="false"/>
		<stopFacility id="49" x="2808.546" y="-3457.3119" linkRefId="137" isBlocking="false"/>
		<stopFacility id="5" x="4294.8376" y="-3523.1736" linkRefId="41" isBlocking="false"/>
		<stopFacility id="50" x="2681.3028" y="-3558.6515" linkRefId="139" isBlocking="false"/>
		<stopFacility id="54" x="2149.0481" y="-3307.914" linkRefId="215" isBlocking="false"/>
		<stopFacility id="55" x="2377.5819" y="-3143.3224" linkRefId="117" isBlocking="false"/>
		<stopFacility id="57" x="4319.2034" y="-3878.7937" linkRefId="43" isBlocking="false"/>
		<stopFacility id="59" x="3226.9121" y="-3345.9461" linkRefId="101" isBlocking="false"/>
		<stopFacility id="61" x="5244.5469" y="-3856.8461" linkRefId="29" isBlocking="false"/>
		<stopFacility id="64" x="4752.2512" y="-3836.1341" linkRefId="49" isBlocking="false"/>
		<stopFacility id="65" x="4555.8645" y="-3832.178" linkRefId="47" isBlocking="false"/>
		<stopFacility id="66" x="4384.5801" y="-2946.7248" linkRefId="261" isBlocking="false"/>
		<stopFacility id="68" x="4730.3495" y="-3422.5444" linkRefId="523" isBlocking="false"/>
		<stopFacility id="7" x="3079.0088" y="-2674.396" linkRefId="87" isBlocking="false"/>
		<stopFacility id="73" x="4245.6001" y="-6052.7489" linkRefId="325" isBlocking="false"/>
		<stopFacility id="77" x="2574.0875" y="-1745.0918" linkRefId="155" isBlocking="false"/>
		<stopFacility id="78" x="2392.6422" y="-1917.4649" linkRefId="157" isBlocking="false"/>
		<stopFacility id="79" x="2791.8219" y="-1876.6397" linkRefId="155" isBlocking="false"/>
		<stopFacility id="8" x="5829.5094" y="-4750.7508" linkRefId="27" isBlocking="false"/>
		<stopFacility id="81" x="2524.19" y="-2439.1202" linkRefId="163" isBlocking="false"/>
		<stopFacility id="83" x="2450.7677" y="-2788.3715" linkRefId="121" isBlocking="false"/>
		<stopFacility id="84" x="2252.022" y="-2543.4512" linkRefId="167" isBlocking="false"/>
		<stopFacility id="86" x="2814.5025" y="-2711.2882" linkRefId="127" isBlocking="false"/>
		<stopFacility id="88" x="2682.9547" y="-2933.5587" linkRefId="105" isBlocking="false"/>
		<stopFacility id="9" x="765.5907" y="-3127.4676" linkRefId="195" isBlocking="false"/>
		<stopFacility id="91" x="2419.859" y="-3745.5265" linkRefId="227" isBlocking="false"/>
		<stopFacility id="92" x="1848.3062" y="-4230.8927" linkRefId="1" isBlocking="false"/>
		<stopFacility id="93" x="2926.2134" y="-4002.7119" linkRefId="539" isBlocking="false"/>
		<stopFacility id="94" x="1864.3641" y="-3389.8029" linkRefId="183" isBlocking="false"/>
		<stopFacility id="95" x="1269.2234" y="-3653.9873" linkRefId="179" isBlocking="false"/>
		<stopFacility id="96" x="1312.7703" y="-3738.178" linkRefId="179" isBlocking="false"/>
		<stopFacility id="98" x="1026.4831" y="-3391.3778" linkRefId="185" isBlocking="false"/>
	</transitStops>
</transitSchedule>