<?xml version="1.0" ?>
<!DOCTYPE vehicles SYSTEM "http://matsim.org/files/dtd/electric_vehicles_v1.dtd">

<vehicles>
	<vehicle id="drt_veh_1_1" battery_capacity="20" initial_soc="16.0"/>
	<vehicle id="drt_veh_1_2" battery_capacity="20" initial_soc="14.0"/>
	<vehicle id="drt_veh_1_3" battery_capacity="20" initial_soc="12.0"/>
	<vehicle id="drt_veh_1_4" battery_capacity="20" initial_soc="10.0"/>
	<vehicle id="drt_veh_2_1" battery_capacity="20" initial_soc="15.5"/>
	<vehicle id="drt_veh_2_2" battery_capacity="20" initial_soc="13.5"/>
	<vehicle id="drt_veh_2_3" battery_capacity="20" initial_soc="11.5"/>
	<vehicle id="drt_veh_2_4" battery_capacity="20" initial_soc="9.5"/>
	<vehicle id="drt_veh_3_1" battery_capacity="20" initial_soc="15.0"/>
	<vehicle id="drt_veh_3_2" battery_capacity="20" initial_soc="13.0"/>
	<vehicle id="drt_veh_3_3" battery_capacity="20" initial_soc="11.0"/>
	<vehicle id="drt_veh_3_4" battery_capacity="20" initial_soc="9.0"/>
	<vehicle id="drt_veh_4_1" battery_capacity="20" initial_soc="14.5"/>
	<vehicle id="drt_veh_4_2" battery_capacity="20" initial_soc="12.5"/>
	<vehicle id="drt_veh_4_3" battery_capacity="20" initial_soc="10.5"/>
	<vehicle id="drt_veh_4_4" battery_capacity="20" initial_soc="8.5"/>
	<vehicle id="drt_veh_5_1" battery_capacity="20" initial_soc="14.0"/>
	<vehicle id="drt_veh_5_2" battery_capacity="20" initial_soc="12.0"/>
	<vehicle id="drt_veh_5_3" battery_capacity="20" initial_soc="10.0"/>
	<vehicle id="drt_veh_5_4" battery_capacity="20" initial_soc="8.0"/>
</vehicles>
