<?xml version="1.0" ?>
<!DOCTYPE config SYSTEM "http://www.matsim.org/files/dtd/config_v2.dtd">
<config>
	<module name="multiModeDrt">
		<parameterset type="drt">
			<param name="stopDuration" value="60"/>
			<param name="maxWaitTime" value="600"/>
			<param name="maxTravelTimeAlpha" value="1.3"/>
			<param name="maxTravelTimeBeta" value="400"/>

			<param name="operationalScheme" value="serviceAreaBased"/>
			<param name="drtServiceAreaShapeFile" value="mielec/mielec.shp"/>

			<param name="vehiclesFile" value="vehicles-10-cap-4.xml"/>
			<!-- param name="vehiclesFile" value="vehicles-20-cap-2.xml" / -->

			<parameterset type="minCostFlowRebalancing">
				<param name="targetAlpha" value="0.5"/>
				<param name="targetBeta" value="0.5"/>
				<param name="cellSize" value="500"/>
			</parameterset>
		</parameterset>
	</module>

	<module name="network">
		<param name="inputNetworkFile" value="network.xml"/>
	</module>

	<module name="plans">
		<param name="inputPlansFile" value="plans_only_drt_1.0.xml.gz"/>
	</module>

	<module name="qsim">
		<param name="simStarttimeInterpretation" value="onlyUseStarttime"/>
		<param name="endTime" value="30:00:00"/>
		<param name="insertingWaitingVehiclesBeforeDrivingVehicles" value="true"/>
		<param name="snapshotStyle" value="queue"/>
	</module>

	<module name="otfvis">
		<param name="coloringScheme" value="taxicab"/>
		<param name="drawNonMovingItems" value="true"/>
	</module>

	<module name="controler">
		<param name="outputDirectory" value="test/output/mielec_stop_based_drt"/>
		<param name="overwriteFiles" value="deleteDirectoryIfExists"/>
		<param name="firstIteration" value="0"/>
		<param name="lastIteration" value="0"/>
	</module>

	<module name="planCalcScore">
		<param name="activityType_0" value="dummy"/>
		<param name="activityTypicalDuration_0" value="24:00:00"/>
		<param name="traveling_drt" value="-6"/>
	</module>

	<module name="strategy">
		<!-- We focus only on DynAgents. "Standard" agents do not change their behaviour -->
		<param name="maxAgentPlanMemorySize" value="1"/>
		<param name="ModuleProbability_1" value="1.0"/>
		<param name="Module_1" value="KeepLastSelected"/>
	</module>
</config>
