<?xml version="1.0" ?>
<!DOCTYPE config SYSTEM "http://www.matsim.org/files/dtd/config_v2.dtd">
<config>
	<module name="multiModeTaxi">
		<parameterset type="taxi">
			<param name="destinationKnown" value="false"/>
			<param name="vehicleDiversion" value="false"/>
			<param name="pickupDuration" value="120"/>
			<param name="dropoffDuration" value="60"/>
			<param name="onlineVehicleTracker" value="false"/>

			<param name="taxisFile" value="taxis-25.xml"/>
			<!-- param name="taxisFile" value="taxis-50.xml" / -->

			<param name="timeProfiles" value="true"/>
			<param name="detailedStats" value="true"/>

			<parameterset type="RuleBasedTaxiOptimizer"/>
		</parameterset>
	</module>

	<module name="network">
		<param name="inputNetworkFile" value="network.xml"/>
		<!-- param name="timeVariantNetwork" value="false" / if timeVariantNetwork -->
		<!-- param name="inputChangeEventsFile" value=""/ if timeVariantNetwork -->
	</module>

	<module name="plans">
		<!-- param name="inputPlansFile" value="plans_only_taxi_1.0.xml.gz" / -->
		<param name="inputPlansFile" value="plans_only_taxi_4.0.xml.gz"/>
	</module>

	<module name="qsim">
		<param name="simStarttimeInterpretation" value="onlyUseStarttime"/>
		<param name="insertingWaitingVehiclesBeforeDrivingVehicles" value="true"/>
		<param name="snapshotStyle" value="queue"/>
		<param name="flowCapacityFactor" value="100.0"/>
	</module>

	<module name="controler">
		<param name="outputDirectory" value="test/output/mielec_taxi_benchmark"/>
		<param name="overwriteFiles" value="deleteDirectoryIfExists"/>
		<param name="writeEventsInterval" value="0"/>
		<param name="writePlansInterval" value="0"/>
		<param name="writeSnapshotsInterval" value="0"/>
		<param name="createGraphs" value="false"/>
		<param name="dumpDataAtEnd" value="false"/>
		<param name="firstIteration" value="0"/>
		<param name="lastIteration" value="0"/>
	</module>

	<module name="planCalcScore">
		<param name="activityType_0" value="dummy"/>
		<param name="activityTypicalDuration_0" value="24:00:00"/>
		<param name="traveling_taxi" value="-6"/>
	</module>

	<module name="strategy">
		<!-- We focus only on DynAgents. "Standard" agents do not change their behaviour -->
		<param name="maxAgentPlanMemorySize" value="1"/>
		<param name="ModuleProbability_1" value="1.0"/>
		<param name="Module_1" value="KeepLastSelected"/>
	</module>
</config>
