<?xml version="1.0" ?>
<!DOCTYPE vehicles SYSTEM "http://matsim.org/files/dtd/dvrp_vehicles_v1.dtd">

<vehicles>
	<vehicle id="taxi_1_1" start_link="385" t_0="0" t_1="36000"/>
	<vehicle id="taxi_1_2" start_link="385" t_0="0" t_1="36000"/>
	<vehicle id="taxi_1_3" start_link="385" t_0="0" t_1="36000"/>
	<vehicle id="taxi_1_4" start_link="385" t_0="0" t_1="36000"/>
	<vehicle id="taxi_1_5" start_link="385" t_0="0" t_1="36000"/>
	<vehicle id="taxi_1_6" start_link="385" t_0="0" t_1="36000"/>
	<vehicle id="taxi_1_7" start_link="385" t_0="0" t_1="36000"/>
	<vehicle id="taxi_1_8" start_link="385" t_0="0" t_1="36000"/>
	<vehicle id="taxi_1_9" start_link="385" t_0="0" t_1="36000"/>
	<vehicle id="taxi_1_10" start_link="385" t_0="0" t_1="36000"/>
	<vehicle id="taxi_2_1" start_link="499" t_0="0" t_1="36000"/>
	<vehicle id="taxi_2_2" start_link="499" t_0="0" t_1="36000"/>
	<vehicle id="taxi_2_3" start_link="499" t_0="0" t_1="36000"/>
	<vehicle id="taxi_2_4" start_link="499" t_0="0" t_1="36000"/>
	<vehicle id="taxi_2_5" start_link="499" t_0="0" t_1="36000"/>
	<vehicle id="taxi_2_6" start_link="499" t_0="0" t_1="36000"/>
	<vehicle id="taxi_2_7" start_link="499" t_0="0" t_1="36000"/>
	<vehicle id="taxi_2_8" start_link="499" t_0="0" t_1="36000"/>
	<vehicle id="taxi_2_9" start_link="499" t_0="0" t_1="36000"/>
	<vehicle id="taxi_2_10" start_link="499" t_0="0" t_1="36000"/>
	<vehicle id="taxi_3_1" start_link="277" t_0="0" t_1="36000"/>
	<vehicle id="taxi_3_2" start_link="277" t_0="0" t_1="36000"/>
	<vehicle id="taxi_3_3" start_link="277" t_0="0" t_1="36000"/>
	<vehicle id="taxi_3_4" start_link="277" t_0="0" t_1="36000"/>
	<vehicle id="taxi_3_5" start_link="277" t_0="0" t_1="36000"/>
	<vehicle id="taxi_3_6" start_link="277" t_0="0" t_1="36000"/>
	<vehicle id="taxi_3_7" start_link="277" t_0="0" t_1="36000"/>
	<vehicle id="taxi_3_8" start_link="277" t_0="0" t_1="36000"/>
	<vehicle id="taxi_3_9" start_link="277" t_0="0" t_1="36000"/>
	<vehicle id="taxi_3_10" start_link="277" t_0="0" t_1="36000"/>
	<vehicle id="taxi_4_1" start_link="52" t_0="0" t_1="36000"/>
	<vehicle id="taxi_4_2" start_link="52" t_0="0" t_1="36000"/>
	<vehicle id="taxi_4_3" start_link="52" t_0="0" t_1="36000"/>
	<vehicle id="taxi_4_4" start_link="52" t_0="0" t_1="36000"/>
	<vehicle id="taxi_4_5" start_link="52" t_0="0" t_1="36000"/>
	<vehicle id="taxi_4_6" start_link="52" t_0="0" t_1="36000"/>
	<vehicle id="taxi_4_7" start_link="52" t_0="0" t_1="36000"/>
	<vehicle id="taxi_4_8" start_link="52" t_0="0" t_1="36000"/>
	<vehicle id="taxi_4_9" start_link="52" t_0="0" t_1="36000"/>
	<vehicle id="taxi_4_10" start_link="52" t_0="0" t_1="36000"/>
	<vehicle id="taxi_5_1" start_link="449" t_0="0" t_1="36000"/>
	<vehicle id="taxi_5_2" start_link="449" t_0="0" t_1="36000"/>
	<vehicle id="taxi_5_3" start_link="449" t_0="0" t_1="36000"/>
	<vehicle id="taxi_5_4" start_link="449" t_0="0" t_1="36000"/>
	<vehicle id="taxi_5_5" start_link="449" t_0="0" t_1="36000"/>
	<vehicle id="taxi_5_6" start_link="449" t_0="0" t_1="36000"/>
	<vehicle id="taxi_5_7" start_link="449" t_0="0" t_1="36000"/>
	<vehicle id="taxi_5_8" start_link="449" t_0="0" t_1="36000"/>
	<vehicle id="taxi_5_9" start_link="449" t_0="0" t_1="36000"/>
	<vehicle id="taxi_5_10" start_link="449" t_0="0" t_1="36000"/>
</vehicles>
