<?xml version="1.0" ?>
<!DOCTYPE vehicles SYSTEM "http://matsim.org/files/dtd/dvrp_vehicles_v1.dtd">

<vehicles>
	<vehicle id="drt_veh_1_1" start_link="385" t_0="21600" t_1="104400" capacity="2"/>
	<vehicle id="drt_veh_1_2" start_link="385" t_0="21600" t_1="104400" capacity="2"/>
	<vehicle id="drt_veh_1_3" start_link="385" t_0="21600" t_1="104400" capacity="2"/>
	<vehicle id="drt_veh_1_4" start_link="385" t_0="21600" t_1="104400" capacity="2"/>
	<vehicle id="drt_veh_2_1" start_link="499" t_0="21600" t_1="104400" capacity="2"/>
	<vehicle id="drt_veh_2_2" start_link="499" t_0="21600" t_1="104400" capacity="2"/>
	<vehicle id="drt_veh_2_3" start_link="499" t_0="21600" t_1="104400" capacity="2"/>
	<vehicle id="drt_veh_2_4" start_link="499" t_0="21600" t_1="104400" capacity="2"/>
	<vehicle id="drt_veh_3_1" start_link="277" t_0="21600" t_1="104400" capacity="2"/>
	<vehicle id="drt_veh_3_2" start_link="277" t_0="21600" t_1="104400" capacity="2"/>
	<vehicle id="drt_veh_3_3" start_link="277" t_0="21600" t_1="104400" capacity="2"/>
	<vehicle id="drt_veh_3_4" start_link="277" t_0="21600" t_1="104400" capacity="2"/>
	<vehicle id="drt_veh_4_1" start_link="52" t_0="21600" t_1="104400" capacity="2"/>
	<vehicle id="drt_veh_4_2" start_link="52" t_0="21600" t_1="104400" capacity="2"/>
	<vehicle id="drt_veh_4_3" start_link="52" t_0="21600" t_1="104400" capacity="2"/>
	<vehicle id="drt_veh_4_4" start_link="52" t_0="21600" t_1="104400" capacity="2"/>
	<vehicle id="drt_veh_5_1" start_link="449" t_0="21600" t_1="104400" capacity="2"/>
	<vehicle id="drt_veh_5_2" start_link="449" t_0="21600" t_1="104400" capacity="2"/>
	<vehicle id="drt_veh_5_3" start_link="449" t_0="21600" t_1="104400" capacity="2"/>
	<vehicle id="drt_veh_5_4" start_link="449" t_0="21600" t_1="104400" capacity="2"/>
</vehicles>