<?xml version="1.0" ?>
<!DOCTYPE config SYSTEM "http://www.matsim.org/files/dtd/config_v2.dtd"
	[
		<!ENTITY INPUTBASE    "./examples/evacuation-tutorial">
		<!ENTITY OUTPUTBASE   "./output">
	]
>
<config>
	<module name="global">
		<param name="coordinateSystem" value="Atlantis" />
	</module>

	<module name="simulation">
		<!--
			"start/endTime" of MobSim (00:00:00 == take earliest activity time/
			run as long as active vehicles exist)
		-->
		<param name="startTime" value="00:00:00" />
		<param name="endTime" value="00:00:00" />

		<param name="snapshotperiod" value="00:01:00" /> <!-- 00:00:00 means NO snapshot writing -->

		<param name="flowCapacityFactor" value="0.1" />
		<param name="storageCapacityFactor" value="0.1" />
		<param name="stuckTime" value="600" />
	</module>

	<module name="evacuation">
		<param name="inputEvacuationAreaLinksFile" value="&INPUTBASE;/evacuationarea_siouxfalls.xml.gz" />
	</module>

	<module name="controler">
		<param name="outputDirectory" value="&OUTPUTBASE;" />
		<param name="firstIteration" value="0" />
		<param name="lastIteration" value="0" />
		<param name="mobsim" value="queueSimulation" />
		<param name="snapshotFormat" value="googleearth,transims" /> <!-- googleearth, transims, plansfile -->
	</module>

	<module name="plans">
		<param name="inputPlansFile" value="&INPUTBASE;/siouxfalls_plans.xml.gz" />
	</module>

	<module name="network">
		<param name="inputNetworkFile" value="&INPUTBASE;/siouxfalls_net.xml.gz" />
	</module>

	<module name="planCalcScore">
		<param name="learningRate" value="1.0" />

		<param name="BrainExpBeta" value="2" />
		<param name="PathSizeLogitBeta" value="1" />

		<parameterset type="scoringParameters">
			<param name="lateArrival" value="0" />
			<param name="earlyDeparture" value="-0" />
			<param name="performing" value="0" />
			<param name="waiting" value="-6" />

			<parameterset type="modeParams">
				<param name="mode" value="car"/>
				<param name="marginalUtilityOfTraveling_util_hr" value="-6.0" />
			</parameterset>
			<parameterset type="modeParams">
				<param name="mode" value="pt"/>
			</parameterset>

			<parameterset type="activityParams">
				<param name="activityType"    value="h" /> <!-- home -->
				<param name="priority"        value="1" />
				<param name="typicalDuration" value="12:00:00" />
				<param name="minimalDuration" value="08:00:00" />
			</parameterset>
			<parameterset type="activityParams">
				<param name="activityType"            value="w" /> <!-- work -->
				<param name="priority"        value="1" />
				<param name="typicalDuration" value="08:00:00" />
				<param name="minimalDuration" value="06:00:00" />
				<param name="openingTime"     value="07:00:00" />
				<param name="latestStartTime" value="09:00:00" />
				<param name="earliestEndTime" value="" />
				<param name="closingTime"     value="18:00:00" />
			</parameterset>
		</parameterset>
	</module>

	<module name="strategy">
		<param name="maxAgentPlanMemorySize" value="10" /> <!-- 0 means unlimited -->

		<parameterset type="strategysettings">
			<param name="strategyName" value="BestScore"/>
			<param name="weight" value="0.9"/>
		</parameterset>

		<parameterset type="strategysettings">
			<param name="strategyName" value="ReRoute"/>
			<param name="weight" value="0.1"/>
		</parameterset>
	</module>
</config>
