<?xml version="1.0" ?>
<!DOCTYPE network SYSTEM "http://www.matsim.org/files/dtd/network_v1.dtd">
<network>
	<nodes>

		<node id="2" x="-800" y="-1000"/>
		<node id="3" x="-600" y="-1000"/>
		<node id="4" x="-400" y="-1000"/>
		<node id="5" x="-200" y="-1000"/>
		<node id="6" x="0" y="-1000"/>
		<node id="7" x="200" y="-1000"/>
		<node id="8" x="400" y="-1000"/>
		<node id="9" x="600" y="-1000"/>
		<node id="10" x="800" y="-1000"/>

		<node id="12" x="-1000" y="-800"/>
		<node id="13" x="-800" y="-800"/>
		<node id="14" x="-600" y="-800"/>
		<node id="15" x="-400" y="-800"/>
		<node id="16" x="-200" y="-800"/>
		<node id="17" x="0" y="-800"/>
		<node id="18" x="200" y="-800"/>
		<node id="19" x="400" y="-800"/>
		<node id="20" x="600" y="-800"/>
		<node id="21" x="800" y="-800"/>
		<node id="22" x="1000" y="-800"/>
		<node id="23" x="-1000" y="-600"/>
		<node id="24" x="-800" y="-600"/>
		<node id="25" x="-600" y="-600"/>
		<node id="26" x="-400" y="-600"/>
		<node id="27" x="-200" y="-600"/>
		<node id="28" x="0" y="-600"/>
		<node id="29" x="200" y="-600"/>
		<node id="30" x="400" y="-600"/>
		<node id="31" x="600" y="-600"/>
		<node id="32" x="800" y="-600"/>
		<node id="33" x="1000" y="-600"/>
		<node id="34" x="-1000" y="-400"/>
		<node id="35" x="-800" y="-400"/>
		<node id="36" x="-600" y="-400"/>
		<node id="37" x="-400" y="-400"/>
		<node id="38" x="-200" y="-400"/>
		<node id="39" x="0" y="-400"/>
		<node id="40" x="200" y="-400"/>
		<node id="41" x="400" y="-400"/>
		<node id="42" x="600" y="-400"/>
		<node id="43" x="800" y="-400"/>
		<node id="44" x="1000" y="-400"/>
		<node id="45" x="-1000" y="-200"/>
		<node id="46" x="-800" y="-200"/>
		<node id="47" x="-600" y="-200"/>
		<node id="48" x="-400" y="-200"/>
		<node id="49" x="-200" y="-200"/>
		<node id="50" x="0" y="-200"/>
		<node id="51" x="200" y="-200"/>
		<node id="52" x="400" y="-200"/>
		<node id="53" x="600" y="-200"/>
		<node id="54" x="800" y="-200"/>
		<node id="55" x="1000" y="-200"/>

		<node id="57" x="-800" y="0"/>
		<node id="58" x="-600" y="0"/>
		<node id="59" x="-400" y="0"/>
		<node id="60" x="-200" y="0"/>
		<node id="61" x="0" y="0"/>
		<node id="62" x="200" y="0"/>
		<node id="63" x="400" y="0"/>
		<node id="64" x="600" y="0"/>
		<node id="65" x="800" y="0"/>

	</nodes>
	<links capperiod="01:00:00">

		<!--horizontal links -->

		<link id="111" from="12" to="13" length="640" freespeed="15" capacity="96" permlanes="2"/>
		<link id="112" from="13" to="14" length="370" freespeed="15" capacity="96" permlanes="2"/>
		<link id="113" from="14" to="15" length="300" freespeed="15" capacity="96" permlanes="2"/>
		<link id="114" from="15" to="16" length="310" freespeed="15" capacity="96" permlanes="2"/>
		<link id="115" from="16" to="17" length="510" freespeed="15" capacity="96" permlanes="2"/>
		<link id="116" from="17" to="18" length="300" freespeed="15" capacity="96" permlanes="2"/>
		<link id="117" from="18" to="19" length="300" freespeed="15" capacity="96" permlanes="2"/>
		<link id="118" from="19" to="20" length="576" freespeed="15" capacity="144" permlanes="3"/>
		<link id="119" from="20" to="21" length="300" freespeed="15" capacity="48" permlanes="1"/>
		<link id="120" from="21" to="22" length="300" freespeed="15" capacity="48" permlanes="1"/>
		<link id="122" from="23" to="24" length="300" freespeed="15" capacity="48" permlanes="1"/>
		<link id="123" from="24" to="25" length="300" freespeed="15" capacity="96" permlanes="2"/>
		<link id="124" from="25" to="26" length="640" freespeed="15" capacity="96" permlanes="2"/>
		<link id="125" from="26" to="27" length="300" freespeed="15" capacity="96" permlanes="2"/>
		<link id="126" from="27" to="28" length="300" freespeed="15" capacity="96" permlanes="2"/>
		<link id="127" from="28" to="29" length="640" freespeed="15" capacity="96" permlanes="2"/>
		<link id="128" from="29" to="30" length="370" freespeed="15" capacity="96" permlanes="2"/>
		<link id="129" from="30" to="31" length="300" freespeed="15" capacity="96" permlanes="2"/>
		<link id="130" from="31" to="32" length="310" freespeed="15" capacity="96" permlanes="2"/>
		<link id="131" from="32" to="33" length="510" freespeed="15" capacity="96" permlanes="2"/>
		<link id="133" from="34" to="35" length="300" freespeed="15" capacity="48" permlanes="1"/>
		<link id="134" from="35" to="36" length="300" freespeed="15" capacity="96" permlanes="2"/>
		<link id="135" from="36" to="37" length="640" freespeed="15" capacity="96" permlanes="2"/>
		<link id="136" from="37" to="38" length="300" freespeed="15" capacity="96" permlanes="2"/>
		<link id="137" from="38" to="39" length="300" freespeed="15" capacity="96" permlanes="2"/>
		<link id="138" from="39" to="40" length="640" freespeed="15" capacity="96" permlanes="2"/>
		<link id="139" from="40" to="41" length="370" freespeed="15" capacity="96" permlanes="2"/>
		<link id="140" from="41" to="42" length="300" freespeed="15" capacity="96" permlanes="2"/>
		<link id="141" from="42" to="43" length="310" freespeed="15" capacity="96" permlanes="2"/>
		<link id="142" from="43" to="44" length="510" freespeed="15" capacity="96" permlanes="2"/>
		<link id="143" from="45" to="46" length="300" freespeed="15" capacity="96" permlanes="2"/>
		<link id="144" from="46" to="47" length="300" freespeed="15" capacity="48" permlanes="1"/>
		<link id="145" from="47" to="48" length="300" freespeed="15" capacity="96" permlanes="2"/>
		<link id="146" from="48" to="49" length="640" freespeed="15" capacity="96" permlanes="2"/>
		<link id="147" from="49" to="50" length="300" freespeed="15" capacity="96" permlanes="2"/>
		<link id="148" from="50" to="51" length="300" freespeed="15" capacity="96" permlanes="2"/>
		<link id="149" from="51" to="52" length="640" freespeed="15" capacity="96" permlanes="2"/>
		<link id="150" from="52" to="53" length="370" freespeed="15" capacity="96" permlanes="2"/>
		<link id="151" from="53" to="54" length="300" freespeed="15" capacity="96" permlanes="2"/>
		<link id="152" from="54" to="55" length="310" freespeed="15" capacity="96" permlanes="2"/>

		<!--vertical links -->

		<link id="202" from="2" to="13" length="576" freespeed="15" capacity="144" permlanes="3"/>
		<link id="203" from="3" to="14" length="300" freespeed="15" capacity="48" permlanes="1"/>
		<link id="204" from="4" to="15" length="300" freespeed="15" capacity="48" permlanes="1"/>
		<link id="205" from="5" to="16" length="636" freespeed="15" capacity="48" permlanes="1"/>
		<link id="206" from="6" to="17" length="300" freespeed="15" capacity="48" permlanes="1"/>
		<link id="207" from="7" to="18" length="300" freespeed="15" capacity="96" permlanes="2"/>
		<link id="208" from="8" to="19" length="640" freespeed="15" capacity="96" permlanes="2"/>
		<link id="209" from="9" to="20" length="300" freespeed="15" capacity="96" permlanes="2"/>
		<link id="210" from="10" to="21" length="300" freespeed="15" capacity="96" permlanes="2"/>
		<link id="212" from="13" to="24" length="370" freespeed="15" capacity="96" permlanes="2"/>
		<link id="213" from="14" to="25" length="300" freespeed="15" capacity="96" permlanes="2"/>
		<link id="214" from="15" to="26" length="310" freespeed="15" capacity="96" permlanes="2"/>
		<link id="215" from="16" to="27" length="510" freespeed="15" capacity="96" permlanes="2"/>
		<link id="216" from="17" to="28" length="300" freespeed="15" capacity="96" permlanes="2"/>
		<link id="217" from="18" to="29" length="300" freespeed="15" capacity="96" permlanes="2"/>
		<link id="218" from="19" to="30" length="576" freespeed="15" capacity="144" permlanes="3"/>
		<link id="219" from="20" to="31" length="300" freespeed="15" capacity="48" permlanes="1"/>
		<link id="220" from="21" to="32" length="300" freespeed="15" capacity="48" permlanes="1"/>
		<link id="223" from="24" to="35" length="300" freespeed="15" capacity="96" permlanes="2"/>
		<link id="224" from="25" to="36" length="640" freespeed="15" capacity="96" permlanes="2"/>
		<link id="225" from="26" to="37" length="300" freespeed="15" capacity="96" permlanes="2"/>
		<link id="226" from="27" to="38" length="300" freespeed="15" capacity="96" permlanes="2"/>
		<link id="227" from="28" to="39" length="640" freespeed="15" capacity="96" permlanes="2"/>
		<link id="228" from="29" to="40" length="370" freespeed="15" capacity="96" permlanes="2"/>
		<link id="229" from="30" to="41" length="300" freespeed="15" capacity="96" permlanes="2"/>
		<link id="230" from="31" to="42" length="310" freespeed="15" capacity="96" permlanes="2"/>
		<link id="231" from="32" to="43" length="510" freespeed="15" capacity="96" permlanes="2"/>
		<link id="234" from="35" to="46" length="300" freespeed="15" capacity="96" permlanes="2"/>
		<link id="235" from="36" to="47" length="640" freespeed="15" capacity="96" permlanes="2"/>
		<link id="236" from="37" to="48" length="300" freespeed="15" capacity="96" permlanes="2"/>
		<link id="237" from="38" to="49" length="300" freespeed="15" capacity="96" permlanes="2"/>
		<link id="238" from="39" to="50" length="640" freespeed="15" capacity="96" permlanes="2"/>
		<link id="239" from="40" to="51" length="370" freespeed="15" capacity="96" permlanes="2"/>
		<link id="240" from="41" to="52" length="300" freespeed="15" capacity="96" permlanes="2"/>
		<link id="241" from="42" to="53" length="310" freespeed="15" capacity="96" permlanes="2"/>
		<link id="242" from="43" to="54" length="310" freespeed="15" capacity="96" permlanes="2"/>
		<link id="255" from="46" to="57" length="300" freespeed="15" capacity="96" permlanes="2"/>
		<link id="256" from="47" to="58" length="640" freespeed="15" capacity="96" permlanes="2"/>
		<link id="257" from="48" to="59" length="300" freespeed="15" capacity="96" permlanes="2"/>
		<link id="258" from="49" to="60" length="300" freespeed="15" capacity="96" permlanes="2"/>
		<link id="259" from="50" to="61" length="640" freespeed="15" capacity="96" permlanes="2"/>
		<link id="260" from="51" to="62" length="370" freespeed="15" capacity="96" permlanes="2"/>
		<link id="261" from="52" to="63" length="300" freespeed="15" capacity="96" permlanes="2"/>
		<link id="262" from="53" to="64" length="370" freespeed="15" capacity="96" permlanes="2"/>
		<link id="263" from="54" to="65" length="300" freespeed="15" capacity="96" permlanes="2"/>

		<!--backward direction -->
		<!--horizontal links -->

		<link id="311" from="13" to="12" length="640" freespeed="15" capacity="96" permlanes="2"/>
		<link id="312" from="14" to="13" length="370" freespeed="15" capacity="96" permlanes="2"/>
		<link id="313" from="15" to="14" length="300" freespeed="15" capacity="96" permlanes="2"/>
		<link id="314" from="16" to="15" length="310" freespeed="15" capacity="96" permlanes="2"/>
		<link id="315" from="17" to="16" length="510" freespeed="15" capacity="96" permlanes="2"/>
		<link id="316" from="18" to="17" length="300" freespeed="15" capacity="96" permlanes="2"/>
		<link id="317" from="19" to="18" length="300" freespeed="15" capacity="96" permlanes="2"/>
		<link id="318" from="20" to="19" length="576" freespeed="15" capacity="144" permlanes="3"/>
		<link id="319" from="21" to="20" length="300" freespeed="15" capacity="48" permlanes="1"/>
		<link id="320" from="22" to="21" length="300" freespeed="15" capacity="48" permlanes="1"/>
		<link id="322" from="24" to="23" length="300" freespeed="15" capacity="48" permlanes="1"/>
		<link id="323" from="25" to="24" length="300" freespeed="15" capacity="96" permlanes="2"/>
		<link id="324" from="26" to="25" length="640" freespeed="15" capacity="96" permlanes="2"/>
		<link id="325" from="27" to="26" length="300" freespeed="15" capacity="96" permlanes="2"/>
		<link id="326" from="28" to="27" length="300" freespeed="15" capacity="96" permlanes="2"/>
		<link id="327" from="29" to="28" length="640" freespeed="15" capacity="96" permlanes="2"/>
		<link id="328" from="30" to="29" length="370" freespeed="15" capacity="96" permlanes="2"/>
		<link id="329" from="31" to="30" length="300" freespeed="15" capacity="96" permlanes="2"/>
		<link id="330" from="32" to="31" length="310" freespeed="15" capacity="96" permlanes="2"/>
		<link id="331" from="33" to="32" length="510" freespeed="15" capacity="96" permlanes="2"/>
		<link id="333" from="35" to="34" length="300" freespeed="15" capacity="48" permlanes="1"/>
		<link id="334" from="36" to="35" length="300" freespeed="15" capacity="96" permlanes="2"/>
		<link id="335" from="37" to="36" length="640" freespeed="15" capacity="96" permlanes="2"/>
		<link id="336" from="38" to="37" length="300" freespeed="15" capacity="96" permlanes="2"/>
		<link id="337" from="39" to="38" length="300" freespeed="15" capacity="96" permlanes="2"/>
		<link id="338" from="40" to="39" length="640" freespeed="15" capacity="96" permlanes="2"/>
		<link id="339" from="41" to="40" length="370" freespeed="15" capacity="96" permlanes="2"/>
		<link id="340" from="42" to="41" length="300" freespeed="15" capacity="96" permlanes="2"/>
		<link id="341" from="43" to="42" length="310" freespeed="15" capacity="96" permlanes="2"/>
		<link id="342" from="44" to="43" length="510" freespeed="15" capacity="96" permlanes="2"/>
		<link id="343" from="46" to="45" length="300" freespeed="15" capacity="96" permlanes="2"/>
		<link id="344" from="47" to="46" length="300" freespeed="15" capacity="48" permlanes="1"/>
		<link id="345" from="48" to="47" length="300" freespeed="15" capacity="96" permlanes="2"/>
		<link id="346" from="49" to="48" length="640" freespeed="15" capacity="96" permlanes="2"/>
		<link id="347" from="50" to="49" length="300" freespeed="15" capacity="96" permlanes="2"/>
		<link id="348" from="51" to="50" length="300" freespeed="15" capacity="96" permlanes="2"/>
		<link id="349" from="52" to="51" length="640" freespeed="15" capacity="96" permlanes="2"/>
		<link id="350" from="53" to="52" length="370" freespeed="15" capacity="96" permlanes="2"/>
		<link id="351" from="54" to="53" length="300" freespeed="15" capacity="96" permlanes="2"/>
		<link id="352" from="55" to="54" length="310" freespeed="15" capacity="96" permlanes="2"/>

		<!--vertical links -->

		<link id="402" from="13" to="2" length="576" freespeed="15" capacity="144" permlanes="3"/>
		<link id="403" from="14" to="3" length="300" freespeed="15" capacity="48" permlanes="1"/>
		<link id="404" from="15" to="4" length="300" freespeed="15" capacity="48" permlanes="1"/>
		<link id="405" from="16" to="5" length="636" freespeed="15" capacity="48" permlanes="1"/>
		<link id="406" from="17" to="6" length="300" freespeed="15" capacity="48" permlanes="1"/>
		<link id="407" from="18" to="7" length="300" freespeed="15" capacity="96" permlanes="2"/>
		<link id="408" from="19" to="8" length="640" freespeed="15" capacity="96" permlanes="2"/>
		<link id="409" from="20" to="9" length="300" freespeed="15" capacity="96" permlanes="2"/>
		<link id="410" from="21" to="10" length="300" freespeed="15" capacity="96" permlanes="2"/>
		<link id="412" from="24" to="13" length="370" freespeed="15" capacity="96" permlanes="2"/>
		<link id="413" from="25" to="14" length="300" freespeed="15" capacity="96" permlanes="2"/>
		<link id="414" from="26" to="15" length="310" freespeed="15" capacity="96" permlanes="2"/>
		<link id="415" from="27" to="16" length="510" freespeed="15" capacity="96" permlanes="2"/>
		<link id="416" from="28" to="17" length="300" freespeed="15" capacity="96" permlanes="2"/>
		<link id="417" from="29" to="18" length="300" freespeed="15" capacity="96" permlanes="2"/>
		<link id="418" from="30" to="19" length="576" freespeed="15" capacity="144" permlanes="3"/>
		<link id="419" from="31" to="20" length="300" freespeed="15" capacity="48" permlanes="1"/>
		<link id="420" from="32" to="21" length="300" freespeed="15" capacity="48" permlanes="1"/>
		<link id="423" from="35" to="24" length="300" freespeed="15" capacity="96" permlanes="2"/>
		<link id="424" from="36" to="25" length="640" freespeed="15" capacity="96" permlanes="2"/>
		<link id="425" from="37" to="26" length="300" freespeed="15" capacity="96" permlanes="2"/>
		<link id="426" from="38" to="27" length="300" freespeed="15" capacity="96" permlanes="2"/>
		<link id="427" from="39" to="28" length="640" freespeed="15" capacity="96" permlanes="2"/>
		<link id="428" from="40" to="29" length="370" freespeed="15" capacity="96" permlanes="2"/>
		<link id="429" from="41" to="30" length="300" freespeed="15" capacity="96" permlanes="2"/>
		<link id="430" from="42" to="31" length="310" freespeed="15" capacity="96" permlanes="2"/>
		<link id="431" from="43" to="32" length="510" freespeed="15" capacity="96" permlanes="2"/>
		<link id="434" from="46" to="35" length="300" freespeed="15" capacity="96" permlanes="2"/>
		<link id="435" from="47" to="36" length="640" freespeed="15" capacity="96" permlanes="2"/>
		<link id="436" from="48" to="37" length="300" freespeed="15" capacity="96" permlanes="2"/>
		<link id="437" from="49" to="38" length="300" freespeed="15" capacity="96" permlanes="2"/>
		<link id="438" from="50" to="39" length="640" freespeed="15" capacity="96" permlanes="2"/>
		<link id="439" from="51" to="40" length="370" freespeed="15" capacity="96" permlanes="2"/>
		<link id="440" from="52" to="41" length="300" freespeed="15" capacity="96" permlanes="2"/>
		<link id="441" from="53" to="42" length="310" freespeed="15" capacity="96" permlanes="2"/>
		<link id="442" from="54" to="43" length="310" freespeed="15" capacity="96" permlanes="2"/>
		<link id="455" from="57" to="46" length="300" freespeed="15" capacity="96" permlanes="2"/>
		<link id="456" from="58" to="47" length="640" freespeed="15" capacity="96" permlanes="2"/>
		<link id="457" from="59" to="48" length="300" freespeed="15" capacity="96" permlanes="2"/>
		<link id="458" from="60" to="49" length="300" freespeed="15" capacity="96" permlanes="2"/>
		<link id="459" from="61" to="50" length="640" freespeed="15" capacity="96" permlanes="2"/>
		<link id="460" from="62" to="51" length="370" freespeed="15" capacity="96" permlanes="2"/>
		<link id="461" from="63" to="52" length="300" freespeed="15" capacity="96" permlanes="2"/>
		<link id="462" from="64" to="53" length="370" freespeed="15" capacity="96" permlanes="2"/>
		<link id="463" from="65" to="54" length="300" freespeed="15" capacity="96" permlanes="2"/>
	</links>
</network>