<?xml version="1.0" ?>
<!DOCTYPE config SYSTEM "http://www.matsim.org/files/dtd/config_v2.dtd">
<config>
	<module name="multiModeTaxi">
		<parameterset type="taxi">
			<param name="mode" value="taxi_A"/>

			<param name="destinationKnown" value="false"/>
			<param name="vehicleDiversion" value="false"/>
			<param name="pickupDuration" value="120"/>
			<param name="dropoffDuration" value="60"/>
			<param name="onlineVehicleTracker" value="false"/>

			<param name="taxisFile" value="one_taxi_vehicles_A.xml"/>
			<param name="changeStartLinkToLastLinkInSchedule" value="true"/>

			<param name="timeProfiles" value="true"/>
			<param name="detailedStats" value="true"/>

			<parameterset type="RuleBasedTaxiOptimizer"/>
		</parameterset>

		<parameterset type="taxi">
			<param name="mode" value="taxi_B"/>

			<param name="destinationKnown" value="false"/>
			<param name="vehicleDiversion" value="false"/>
			<param name="pickupDuration" value="120"/>
			<param name="dropoffDuration" value="60"/>
			<param name="onlineVehicleTracker" value="false"/>

			<param name="taxisFile" value="one_taxi_vehicles_B.xml"/>
			<param name="changeStartLinkToLastLinkInSchedule" value="true"/>

			<param name="timeProfiles" value="true"/>
			<param name="detailedStats" value="true"/>

			<parameterset type="RuleBasedTaxiOptimizer"/>
		</parameterset>

		<parameterset type="taxi">
			<param name="mode" value="taxi_C"/>

			<param name="destinationKnown" value="false"/>
			<param name="vehicleDiversion" value="false"/>
			<param name="pickupDuration" value="120"/>
			<param name="dropoffDuration" value="60"/>
			<param name="onlineVehicleTracker" value="false"/>

			<param name="taxisFile" value="one_taxi_vehicles_C.xml"/>
			<param name="changeStartLinkToLastLinkInSchedule" value="true"/>

			<param name="timeProfiles" value="true"/>
			<param name="detailedStats" value="true"/>

			<parameterset type="RuleBasedTaxiOptimizer"/>
		</parameterset>
	</module>

	<module name="network">
		<param name="inputNetworkFile" value="grid_network.xml"/>
	</module>

	<module name="plans">
		<param name="inputPlansFile" value="multi_mode_one_taxi_population.xml"/>
	</module>

	<module name="qsim">
		<param name="simStarttimeInterpretation" value="onlyUseStarttime"/>
		<param name="insertingWaitingVehiclesBeforeDrivingVehicles" value="true"/>
		<param name="snapshotStyle" value="queue"/>
	</module>

	<module name="otfvis">
		<param name="coloringScheme" value="taxicab"/>
		<param name="drawNonMovingItems" value="true"/>
	</module>

	<module name="controler">
		<param name="outputDirectory" value="test/output/multi_mode_one_taxi"/>
		<param name="overwriteFiles" value="deleteDirectoryIfExists"/>
		<param name="firstIteration" value="0"/>
		<param name="lastIteration" value="0"/>
	</module>

	<module name="planCalcScore">
		<param name="activityType_0" value="dummy"/>
		<param name="activityTypicalDuration_0" value="24:00:00"/>

		<param name="activityType_1" value="taxi_A interaction"/>
		<param name="activityTypicalDuration_1" value="00:00:01"/>

		<param name="activityType_2" value="taxi_B interaction"/>
		<param name="activityTypicalDuration_2" value="00:00:01"/>

		<param name="activityType_3" value="taxi_C interaction"/>
		<param name="activityTypicalDuration_3" value="00:00:01"/>

		<param name="traveling_taxi_A" value="-6"/>
		<param name="traveling_taxi_B" value="-6"/>
		<param name="traveling_taxi_C" value="-6"/>
	</module>

	<module name="strategy">
		<!-- We focus only on DynAgents. "Standard" agents do not change their behaviour -->
		<param name="maxAgentPlanMemorySize" value="1"/>
		<param name="ModuleProbability_1" value="1.0"/>
		<param name="Module_1" value="KeepLastSelected"/>
	</module>
</config>
