<?xml version="1.0" encoding="utf-8"?>
<!DOCTYPE population SYSTEM "http://www.matsim.org/files/dtd/population_v5.dtd">

<population>

	<!-- ====================================================================== -->

	<person id="passenger_0" employed="no">
		<plan selected="yes">
			<act type="dummy" link="114" end_time="00:00:00"/>
			<leg mode="drt_A"/>
			<act type="dummy" link="349"/>
		</plan>
	</person>

	<person id="passenger_1" employed="no">
		<plan selected="yes">
			<act type="dummy" link="144" end_time="00:05:00"/>
			<leg mode="drt_B"/>
			<act type="dummy" link="437"/>
		</plan>
	</person>

	<person id="passenger_2" employed="no">
		<plan selected="yes">
			<act type="dummy" link="223" end_time="00:10:00"/>
			<leg mode="drt_C"/>
			<act type="dummy" link="347"/>
		</plan>
	</person>

	<person id="passenger_3" employed="no">
		<plan selected="yes">
			<act type="dummy" link="234" end_time="00:15:00"/>
			<leg mode="drt_A"/>
			<act type="dummy" link="119"/>
		</plan>
	</person>

	<person id="passenger_4" employed="no">
		<plan selected="yes">
			<act type="dummy" link="314" end_time="00:20:00"/>
			<leg mode="drt_B"/>
			<act type="dummy" link="260"/>
		</plan>
	</person>

	<person id="passenger_5" employed="no">
		<plan selected="yes">
			<act type="dummy" link="333" end_time="00:25:00"/>
			<leg mode="drt_C"/>
			<act type="dummy" link="438"/>
		</plan>
	</person>

	<person id="passenger_6" employed="no">
		<plan selected="yes">
			<act type="dummy" link="325" end_time="00:30:00"/>
			<leg mode="drt_A"/>
			<act type="dummy" link="111"/>
		</plan>
	</person>

	<person id="passenger_7" employed="no">
		<plan selected="yes">
			<act type="dummy" link="412" end_time="00:35:00"/>
			<leg mode="drt_B"/>
			<act type="dummy" link="318"/>
		</plan>
	</person>

	<person id="passenger_8" employed="no">
		<plan selected="yes">
			<act type="dummy" link="455" end_time="00:40:00"/>
			<leg mode="drt_C"/>
			<act type="dummy" link="236"/>
		</plan>
	</person>

	<person id="passenger_9" employed="no">
		<plan selected="yes">
			<act type="dummy" link="139" end_time="00:45:00"/>
			<leg mode="drt_A"/>
			<act type="dummy" link="330"/>
		</plan>
	</person>

	<!-- ====================================================================== -->

</population>
