<?xml version="1.0" encoding="UTF-8"?>
<networkChangeEvents xmlns="http://www.matsim.org/files/dtd" xmlns:xsi="http://www.w3.org/2001/XMLSchema-instance"
					 xsi:schemaLocation="http://www.matsim.org/files/dtd http://www.matsim.org/files/dtd/networkChangeEvents.xsd">
	<networkChangeEvent startTime="01:00:00">

		<!--horizontal links -->

		<link refId="111"/>
		<link refId="112"/>
		<link refId="113"/>
		<link refId="114"/>
		<link refId="115"/>
		<link refId="116"/>
		<link refId="117"/>
		<link refId="118"/>
		<link refId="119"/>
		<link refId="120"/>
		<link refId="122"/>
		<link refId="123"/>
		<link refId="124"/>
		<link refId="125"/>
		<link refId="126"/>
		<link refId="127"/>
		<link refId="128"/>
		<link refId="129"/>
		<link refId="130"/>
		<link refId="131"/>
		<link refId="133"/>
		<link refId="134"/>
		<link refId="135"/>
		<link refId="136"/>
		<link refId="137"/>
		<link refId="138"/>
		<link refId="139"/>
		<link refId="140"/>
		<link refId="141"/>
		<link refId="142"/>
		<link refId="143"/>
		<link refId="144"/>
		<link refId="145"/>
		<link refId="146"/>
		<link refId="147"/>
		<link refId="148"/>
		<link refId="149"/>
		<link refId="150"/>
		<link refId="151"/>
		<link refId="152"/>

		<!--vertical links -->

		<link refId="202"/>
		<link refId="203"/>
		<link refId="204"/>
		<link refId="205"/>
		<link refId="206"/>
		<link refId="207"/>
		<link refId="208"/>
		<link refId="209"/>
		<link refId="210"/>
		<link refId="212"/>
		<link refId="213"/>
		<link refId="214"/>
		<link refId="215"/>
		<link refId="216"/>
		<link refId="217"/>
		<link refId="218"/>
		<link refId="219"/>
		<link refId="220"/>
		<link refId="223"/>
		<link refId="224"/>
		<link refId="225"/>
		<link refId="226"/>
		<link refId="227"/>
		<link refId="228"/>
		<link refId="229"/>
		<link refId="230"/>
		<link refId="231"/>
		<link refId="234"/>
		<link refId="235"/>
		<link refId="236"/>
		<link refId="237"/>
		<link refId="238"/>
		<link refId="239"/>
		<link refId="240"/>
		<link refId="241"/>
		<link refId="242"/>
		<link refId="255"/>
		<link refId="256"/>
		<link refId="257"/>
		<link refId="258"/>
		<link refId="259"/>
		<link refId="260"/>
		<link refId="261"/>
		<link refId="262"/>
		<link refId="263"/>

		<!--backward direction -->
		<!--horizontal links -->

		<link refId="311"/>
		<link refId="312"/>
		<link refId="313"/>
		<link refId="314"/>
		<link refId="315"/>
		<link refId="316"/>
		<link refId="317"/>
		<link refId="318"/>
		<link refId="319"/>
		<link refId="320"/>
		<link refId="322"/>
		<link refId="323"/>
		<link refId="324"/>
		<link refId="325"/>
		<link refId="326"/>
		<link refId="327"/>
		<link refId="328"/>
		<link refId="329"/>
		<link refId="330"/>
		<link refId="331"/>
		<link refId="333"/>
		<link refId="334"/>
		<link refId="335"/>
		<link refId="336"/>
		<link refId="337"/>
		<link refId="338"/>
		<link refId="339"/>
		<link refId="340"/>
		<link refId="341"/>
		<link refId="342"/>
		<link refId="343"/>
		<link refId="344"/>
		<link refId="345"/>
		<link refId="346"/>
		<link refId="347"/>
		<link refId="348"/>
		<link refId="349"/>
		<link refId="350"/>
		<link refId="351"/>
		<link refId="352"/>

		<!--vertical links -->

		<link refId="402"/>
		<link refId="403"/>
		<link refId="404"/>
		<link refId="405"/>
		<link refId="406"/>
		<link refId="407"/>
		<link refId="408"/>
		<link refId="409"/>
		<link refId="410"/>
		<link refId="412"/>
		<link refId="413"/>
		<link refId="414"/>
		<link refId="415"/>
		<link refId="416"/>
		<link refId="417"/>
		<link refId="418"/>
		<link refId="419"/>
		<link refId="420"/>
		<link refId="423"/>
		<link refId="424"/>
		<link refId="425"/>
		<link refId="426"/>
		<link refId="427"/>
		<link refId="428"/>
		<link refId="429"/>
		<link refId="430"/>
		<link refId="431"/>
		<link refId="434"/>
		<link refId="435"/>
		<link refId="436"/>
		<link refId="437"/>
		<link refId="438"/>
		<link refId="439"/>
		<link refId="440"/>
		<link refId="441"/>
		<link refId="442"/>
		<link refId="455"/>
		<link refId="456"/>
		<link refId="457"/>
		<link refId="458"/>
		<link refId="459"/>
		<link refId="460"/>
		<link refId="461"/>
		<link refId="462"/>
		<link refId="463"/>

		<freespeed type="scaleFactor" value="0.5"/>
	</networkChangeEvent>
</networkChangeEvents>