<?xml version="1.0" ?>
<!DOCTYPE config SYSTEM "http://www.matsim.org/files/dtd/config_v2.dtd">
<config>
	<module name="multiModeTaxi">
		<parameterset type="taxi">
			<param name="destinationKnown" value="false"/>
			<param name="vehicleDiversion" value="false"/>
			<param name="pickupDuration" value="120"/>
			<param name="dropoffDuration" value="60"/>
			<param name="onlineVehicleTracker" value="false"/>

			<param name="taxisFile" value="one_taxi_vehicles.xml"/>

			<param name="timeProfiles" value="true"/>
			<param name="detailedStats" value="true"/>

			<parameterset type="org.matsim.contrib.etaxi.optimizer.rules.RuleBasedETaxiOptimizerParams">
				<parameterset type="RuleBasedTaxiOptimizer"/>

				<param name="minRelativeSoc" value="0.7"/>
				<param name="socCheckTimeStep" value="60"/>
			</parameterset>
		</parameterset>
	</module>


	<module name="ev">
		<param name="chargeTimeStep" value="5"/>
		<param name="auxDischargeTimeStep" value="60"/>

		<param name="chargersFile" value="one_etaxi_chargers.xml"/>
		<param name="vehiclesFile" value="one_etaxi_evehicles.xml"/>

		<param name="timeProfiles" value="true"/>
	</module>

	<module name="network">
		<param name="inputNetworkFile" value="grid_network.xml"/>
	</module>

	<module name="plans">
		<param name="inputPlansFile" value="one_taxi_population.xml"/>
	</module>

	<module name="qsim">
		<param name="simStarttimeInterpretation" value="onlyUseStarttime"/>
		<param name="insertingWaitingVehiclesBeforeDrivingVehicles" value="true"/>
		<param name="snapshotStyle" value="queue"/>
	</module>

	<module name="otfvis">
		<param name="coloringScheme" value="taxicab"/>
		<param name="drawNonMovingItems" value="true"/>
	</module>

	<module name="controler">
		<param name="outputDirectory" value="test/output/one_etaxi"/>
		<param name="overwriteFiles" value="deleteDirectoryIfExists"/>
		<param name="firstIteration" value="0"/>
		<param name="lastIteration" value="0"/>
	</module>

	<module name="planCalcScore">
		<param name="activityType_0" value="dummy"/>
		<param name="activityTypicalDuration_0" value="24:00:00"/>
		<param name="traveling_taxi" value="-6"/>
	</module>

	<module name="strategy">
		<!-- We focus only on DynAgents. "Standard" agents do not change their behaviour -->
		<param name="maxAgentPlanMemorySize" value="1"/>
		<param name="ModuleProbability_1" value="1.0"/>
		<param name="Module_1" value="KeepLastSelected"/>
	</module>
</config>
