<?xml version="1.0" ?>
<!DOCTYPE config SYSTEM "http://www.matsim.org/files/dtd/config_v2.dtd">
<config>
	<module name="network">
		<param name="inputNetworkFile" value="grid_network.xml"/>
	</module>

	<module name="qsim">
		<param name="mainMode" value="car,truck"/>
		<param name="simStarttimeInterpretation" value="onlyUseStarttime"/>
		<param name="insertingWaitingVehiclesBeforeDrivingVehicles" value="true"/>
		<param name="snapshotStyle" value="queue"/>
	</module>

	<module name="travelTimeCalculator">
		<param name="analyzedModes" value="car,truck"/>
	</module>

	<module name="otfvis">
		<param name="coloringScheme" value="taxicab"/>
		<param name="drawNonMovingItems" value="true"/>
	</module>

	<module name="controler">
		<param name="outputDirectory" value="test/output/one_taxi"/>
		<param name="overwriteFiles" value="deleteDirectoryIfExists"/>
		<param name="firstIteration" value="0"/>
		<param name="lastIteration" value="0"/>
	</module>
</config>
