<?xml version="1.0" ?>
<!DOCTYPE config SYSTEM "http://www.matsim.org/files/dtd/config_v2.dtd">
<config>

	<module name="global">
		<param name="randomSeed" value="4711" />
		<param name="coordinateSystem" value="Atlantis" />
	</module>

	<module name="network">
		<param name="inputNetworkFile" value="network.xml" />
	</module>

	<module name="plans">
		<param name="inputPlansFile" value="plans2000.xml.gz" />
	</module>

	<module name="roadpricing" >
		<param name="tollLinksFile" value="toll.xml" />
	</module>

	<module name="controler">
		<param name="outputDirectory" value="./output/example" />
		<param name="firstIteration" value="0" />
		<param name="lastIteration" value="200" />
		<param name="mobsim" value="qsim" />
		<param name="snapshotFormat" value="" />
		
	</module>

	<module name="qsim">
		<!-- "start/endTime" of MobSim (00:00:00 == take earliest activity time/ run as long as active vehicles exist) -->
		<param name="startTime" value="00:00:00" />
		<param name="endTime" value="00:00:00" />
	
		<param name = "snapshotperiod"	value = "00:01:00"/> <!-- 00:00:00 means NO snapshot writing -->
	</module>

	<module name="planCalcScore">
		<param name="learningRate" value="1.0" />
		<param name="BrainExpBeta" value="10.0" />

		<parameterset type="scoringParameters">
			<param name="lateArrival" value="-18" />
			<param name="earlyDeparture" value="-0" />
			<param name="performing" value="+6" />
			<param name="waiting" value="-0" />

			<parameterset type="modeParams">
				<param name="mode" value="car"/>
				<param name="marginalUtilityOfTraveling_util_hr" value="-6.0" />
			</parameterset>
			<parameterset type="modeParams">
				<param name="mode" value="pt"/>
			</parameterset>

			<parameterset type="activityParams">
				<param name="activityType"    value="h" /> <!-- home -->
				<param name="priority"        value="1" />
				<param name="typicalDuration" value="12:00:00" />
				<param name="minimalDuration" value="08:00:00" />
			</parameterset>
			<parameterset type="activityParams">
				<param name="activityType"            value="w" /> <!-- work -->
				<param name="priority"        value="1" />
				<param name="typicalDuration" value="08:00:00" />
				<param name="minimalDuration" value="06:00:00" />
				<param name="openingTime"     value="07:00:00" />
				<param name="latestStartTime" value="09:00:00" />
				<param name="earliestEndTime" value="" />
				<param name="closingTime"     value="18:00:00" />
			</parameterset>
		</parameterset>
	</module>
	
	<module name="strategy">
		<param name="maxAgentPlanMemorySize" value="5" /> <!-- 0 means unlimited -->

		<param name="fractionOfIterationsToDisableInnovation" value="0.8" />

		<parameterset type="strategysettings" >

			<!-- iteration after which module will be disabled.  most useful for ``innovative'' strategies (new routes, new times, ...) -->
			<param name="disableAfterIteration" value="190" />

			<!-- name of strategy (if not full class name, resolved in StrategyManagerConfigLoader) -->
			<param name="strategyName" value="ChangeExpBeta" />

			<!-- probability that a strategy is applied to a given a person.  despite its name, this really is a ``weight'' -->
			<param name="weight" value="0.9" />
		</parameterset>

		<!--<parameterset type="strategysettings" >-->
		<!--	<param name="moduleName" value="BestScore" />-->
		<!--	<param name="probability" value="0.9" />-->
		<!--</parameterset>-->

		<parameterset type="strategysettings" >

			<!-- name of strategy (if not full class name, resolved in StrategyManagerConfigLoader) -->
			<param name="strategyName" value="ReRoute" />

			<!-- probability that a strategy is applied to a given a person.  despite its name, this really is a ``weight'' -->
			<param name="weight" value="0.1" />
		</parameterset>
	</module>

</config>
