<?xml version="1.0" ?>
<!DOCTYPE config SYSTEM "http://www.matsim.org/files/dtd/config_v2.dtd">
<config>

	<module name="global">
		<param name="randomSeed" value="4711" />
		<param name="coordinateSystem" value="Atlantis" />
	</module>

	<module name="network">
		<param name="inputNetworkFile" value="network.xml" />
	</module>

	<module name="facilities">
		<param name="inputFacilitiesFile" value="facilities.xml" />
		<param name="facilitiesSource" value="fromFile"/>
	</module>

	<module name="plans">
		<param name="inputPlansFile" value="plans1.xml" />
	</module>

	<module name="controler">
		<param name="outputDirectory" value="./output/equil" />
		<param name="firstIteration" value="0" />
		<param name="lastIteration" value="10" />
		<param name="writeEventsInterval" value="4" />
		<param name="snapshotFormat" value="transims" />
	</module>

	<module name="qsim">
		<!-- "start/endTime" of MobSim (00:00:00 == take earliest activity time/ run as long as active vehicles exist) -->
		<param name="startTime" value="00:00:00" />
		<param name="endTime" value="00:00:00" />
		<param name = "snapshotperiod"	value = "00:00:00"/> <!-- 00:00:00 means NO snapshot writing -->
	</module>

	<module name="planCalcScore">
		<param name="learningRate" value="1.0" />
		<param name="BrainExpBeta" value="2.0" />

		<parameterset type="scoringParameters">
			<param name="lateArrival" value="-18" />
			<param name="earlyDeparture" value="-0" />
			<param name="performing" value="+6" />
			<param name="waiting" value="-0" />

			<parameterset type="modeParams">
				<param name="mode" value="car"/>
				<param name="marginalUtilityOfTraveling_util_hr" value="-6.0" />
			</parameterset>
			<parameterset type="modeParams">
				<param name="mode" value="pt"/>
			</parameterset>

			<parameterset type="activityParams">
				<param name="activityType"    value="h" /> <!-- home -->
				<param name="priority"        value="1" />
				<param name="typicalDuration" value="12:00:00" />
				<param name="minimalDuration" value="08:00:00" />
			</parameterset>
			<parameterset type="activityParams">
				<param name="activityType"            value="w" /> <!-- work -->
				<param name="priority"        value="1" />
				<param name="typicalDuration" value="08:00:00" />
				<param name="minimalDuration" value="06:00:00" />
				<param name="openingTime"     value="07:00:00" />
				<param name="latestStartTime" value="09:00:00" />
				<param name="earliestEndTime" value="" />
				<param name="closingTime"     value="18:00:00" />
			</parameterset>
		</parameterset>
	</module>
	
	<module name="strategy">
		<param name="maxAgentPlanMemorySize" value="5" /> <!-- 0 means unlimited -->

		<parameterset type="strategysettings">
			<param name="strategyName" value="BestScore"/>
			<param name="weight" value="0.9"/>
		</parameterset>

		<parameterset type="strategysettings">
			<param name="strategyName" value="ReRoute"/>
			<param name="weight" value="0.1"/>
		</parameterset>
	</module>

</config>
