<?xml version="1.0" encoding="utf-8"?>
<!DOCTYPE population SYSTEM "http://www.matsim.org/files/dtd/population_v6.dtd">

<population>



<!-- ====================================================================== -->

	<person id="420">
		<plan selected="yes">
			<activity type="home" x="-10.0" y="1410.0" link="car_17bOut" start_time="01:00:00" end_time="07:00:00" >
			</activity>
			<leg mode="pt">
			</leg>
			<activity type="work" x="2010.0" y="990.0" link="car_3" end_time="15:00:00" >
			</activity>
			<leg mode="pt">
			</leg>
			<activity type="home" x="-10.0" y="1410.0" link="car_17bOut" >
			</activity>
		</plan>

	</person>

<!-- ====================================================================== -->

	<person id="421">
		<plan selected="yes">
			<activity type="home" x="-10.0" y="1410.0" link="car_17bOut" start_time="01:00:00" end_time="07:01:00" >
			</activity>
			<leg mode="pt">
			</leg>
			<activity type="work" x="2010.0" y="990.0" link="car_3" end_time="15:01:00" >
			</activity>
			<leg mode="pt">
			</leg>
			<activity type="home" x="-10.0" y="1410.0" link="car_17bOut" >
			</activity>
		</plan>

	</person>

<!-- ====================================================================== -->

	<person id="422">
		<plan selected="yes">
			<activity type="home" x="-10.0" y="1410.0" link="car_17bOut" start_time="01:00:00" end_time="07:02:00" >
			</activity>
			<leg mode="pt">
			</leg>
			<activity type="work" x="2010.0" y="990.0" link="car_3" end_time="15:02:00" >
			</activity>
			<leg mode="pt">
			</leg>
			<activity type="home" x="-10.0" y="1410.0" link="car_17bOut" >
			</activity>
		</plan>

	</person>

<!-- ====================================================================== -->

	<person id="423">
		<plan selected="yes">
			<activity type="home" x="-10.0" y="1410.0" link="car_17bOut" start_time="01:00:00" end_time="07:03:00" >
			</activity>
			<leg mode="pt">
			</leg>
			<activity type="work" x="2010.0" y="990.0" link="car_3" end_time="15:03:00" >
			</activity>
			<leg mode="pt">
			</leg>
			<activity type="home" x="-10.0" y="1410.0" link="car_17bOut" >
			</activity>
		</plan>

	</person>

<!-- ====================================================================== -->

	<person id="424">
		<plan selected="yes">
			<activity type="home" x="-10.0" y="1410.0" link="car_17bOut" start_time="01:00:00" end_time="07:04:00" >
			</activity>
			<leg mode="pt">
			</leg>
			<activity type="work" x="2010.0" y="990.0" link="car_3" end_time="15:04:00" >
			</activity>
			<leg mode="pt">
			</leg>
			<activity type="home" x="-10.0" y="1410.0" link="car_17bOut" >
			</activity>
		</plan>

	</person>

<!-- ====================================================================== -->

	<person id="425">
		<plan selected="yes">
			<activity type="home" x="-10.0" y="1410.0" link="car_17bOut" start_time="01:00:00" end_time="07:05:00" >
			</activity>
			<leg mode="pt">
			</leg>
			<activity type="work" x="2010.0" y="990.0" link="car_3" end_time="15:05:00" >
			</activity>
			<leg mode="pt">
			</leg>
			<activity type="home" x="-10.0" y="1410.0" link="car_17bOut" >
			</activity>
		</plan>

	</person>

<!-- ====================================================================== -->

	<person id="426">
		<plan selected="yes">
			<activity type="home" x="-10.0" y="1410.0" link="car_17bOut" start_time="01:00:00" end_time="07:06:00" >
			</activity>
			<leg mode="pt">
			</leg>
			<activity type="work" x="2010.0" y="990.0" link="car_3" end_time="15:06:00" >
			</activity>
			<leg mode="pt">
			</leg>
			<activity type="home" x="-10.0" y="1410.0" link="car_17bOut" >
			</activity>
		</plan>

	</person>

<!-- ====================================================================== -->

	<person id="427">
		<plan selected="yes">
			<activity type="home" x="-10.0" y="1410.0" link="car_17bOut" start_time="01:00:00" end_time="07:07:00" >
			</activity>
			<leg mode="pt">
			</leg>
			<activity type="work" x="2010.0" y="990.0" link="car_3" end_time="15:07:00" >
			</activity>
			<leg mode="pt">
			</leg>
			<activity type="home" x="-10.0" y="1410.0" link="car_17bOut" >
			</activity>
		</plan>

	</person>

<!-- ====================================================================== -->

	<person id="428">
		<plan selected="yes">
			<activity type="home" x="-10.0" y="1410.0" link="car_17bOut" start_time="01:00:00" end_time="07:08:00" >
			</activity>
			<leg mode="pt">
			</leg>
			<activity type="work" x="2010.0" y="990.0" link="car_3" end_time="15:08:00" >
			</activity>
			<leg mode="pt">
			</leg>
			<activity type="home" x="-10.0" y="1410.0" link="car_17bOut" >
			</activity>
		</plan>

	</person>

<!-- ====================================================================== -->

	<person id="429">
		<plan selected="yes">
			<activity type="home" x="-10.0" y="1410.0" link="car_17bOut" start_time="01:00:00" end_time="07:09:00" >
			</activity>
			<leg mode="pt">
			</leg>
			<activity type="work" x="2010.0" y="990.0" link="car_3" end_time="15:09:00" >
			</activity>
			<leg mode="pt">
			</leg>
			<activity type="home" x="-10.0" y="1410.0" link="car_17bOut" >
			</activity>
		</plan>

	</person>

<!-- ====================================================================== -->

	<person id="430">
		<plan selected="yes">
			<activity type="home" x="-10.0" y="1410.0" link="car_17bOut" start_time="01:00:00" end_time="07:10:00" >
			</activity>
			<leg mode="pt">
			</leg>
			<activity type="work" x="2010.0" y="990.0" link="car_3" end_time="15:10:00" >
			</activity>
			<leg mode="pt">
			</leg>
			<activity type="home" x="-10.0" y="1410.0" link="car_17bOut" >
			</activity>
		</plan>

	</person>

<!-- ====================================================================== -->

	<person id="431">
		<plan selected="yes">
			<activity type="home" x="-10.0" y="1410.0" link="car_17bOut" start_time="01:00:00" end_time="07:11:00" >
			</activity>
			<leg mode="pt">
			</leg>
			<activity type="work" x="2010.0" y="990.0" link="car_3" end_time="15:11:00" >
			</activity>
			<leg mode="pt">
			</leg>
			<activity type="home" x="-10.0" y="1410.0" link="car_17bOut" >
			</activity>
		</plan>

	</person>

<!-- ====================================================================== -->

	<person id="432">
		<plan selected="yes">
			<activity type="home" x="-10.0" y="1410.0" link="car_17bOut" start_time="01:00:00" end_time="07:12:00" >
			</activity>
			<leg mode="pt">
			</leg>
			<activity type="work" x="2010.0" y="990.0" link="car_3" end_time="15:12:00" >
			</activity>
			<leg mode="pt">
			</leg>
			<activity type="home" x="-10.0" y="1410.0" link="car_17bOut" >
			</activity>
		</plan>

	</person>

<!-- ====================================================================== -->

	<person id="433">
		<plan selected="yes">
			<activity type="home" x="-10.0" y="1410.0" link="car_17bOut" start_time="01:00:00" end_time="07:13:00" >
			</activity>
			<leg mode="pt">
			</leg>
			<activity type="work" x="2010.0" y="990.0" link="car_3" end_time="15:13:00" >
			</activity>
			<leg mode="pt">
			</leg>
			<activity type="home" x="-10.0" y="1410.0" link="car_17bOut" >
			</activity>
		</plan>

	</person>

<!-- ====================================================================== -->

	<person id="434">
		<plan selected="yes">
			<activity type="home" x="-10.0" y="1410.0" link="car_17bOut" start_time="01:00:00" end_time="07:14:00" >
			</activity>
			<leg mode="pt">
			</leg>
			<activity type="work" x="2010.0" y="990.0" link="car_3" end_time="15:14:00" >
			</activity>
			<leg mode="pt">
			</leg>
			<activity type="home" x="-10.0" y="1410.0" link="car_17bOut" >
			</activity>
		</plan>

	</person>

<!-- ====================================================================== -->

	<person id="435">
		<plan selected="yes">
			<activity type="home" x="-10.0" y="1410.0" link="car_17bOut" start_time="01:00:00" end_time="07:15:00" >
			</activity>
			<leg mode="pt">
			</leg>
			<activity type="work" x="2010.0" y="990.0" link="car_3" end_time="15:15:00" >
			</activity>
			<leg mode="pt">
			</leg>
			<activity type="home" x="-10.0" y="1410.0" link="car_17bOut" >
			</activity>
		</plan>

	</person>

<!-- ====================================================================== -->

	<person id="436">
		<plan selected="yes">
			<activity type="home" x="-10.0" y="1410.0" link="car_17bOut" start_time="01:00:00" end_time="07:16:00" >
			</activity>
			<leg mode="pt">
			</leg>
			<activity type="work" x="2010.0" y="990.0" link="car_3" end_time="15:16:00" >
			</activity>
			<leg mode="pt">
			</leg>
			<activity type="home" x="-10.0" y="1410.0" link="car_17bOut" >
			</activity>
		</plan>

	</person>

<!-- ====================================================================== -->

	<person id="437">
		<plan selected="yes">
			<activity type="home" x="-10.0" y="1410.0" link="car_17bOut" start_time="01:00:00" end_time="07:17:00" >
			</activity>
			<leg mode="pt">
			</leg>
			<activity type="work" x="2010.0" y="990.0" link="car_3" end_time="15:17:00" >
			</activity>
			<leg mode="pt">
			</leg>
			<activity type="home" x="-10.0" y="1410.0" link="car_17bOut" >
			</activity>
		</plan>

	</person>

<!-- ====================================================================== -->

	<person id="438">
		<plan selected="yes">
			<activity type="home" x="-10.0" y="1410.0" link="car_17bOut" start_time="01:00:00" end_time="07:18:00" >
			</activity>
			<leg mode="pt">
			</leg>
			<activity type="work" x="2010.0" y="990.0" link="car_3" end_time="15:18:00" >
			</activity>
			<leg mode="pt">
			</leg>
			<activity type="home" x="-10.0" y="1410.0" link="car_17bOut" >
			</activity>
		</plan>

	</person>

<!-- ====================================================================== -->

	<person id="439">
		<plan selected="yes">
			<activity type="home" x="-10.0" y="1410.0" link="car_17bOut" start_time="01:00:00" end_time="07:19:00" >
			</activity>
			<leg mode="pt">
			</leg>
			<activity type="work" x="2010.0" y="990.0" link="car_3" end_time="15:19:00" >
			</activity>
			<leg mode="pt">
			</leg>
			<activity type="home" x="-10.0" y="1410.0" link="car_17bOut" >
			</activity>
		</plan>

	</person>

<!-- ====================================================================== -->

	<person id="440">
		<plan selected="yes">
			<activity type="home" x="-10.0" y="1410.0" link="car_17bOut" start_time="01:00:00" end_time="07:20:00" >
			</activity>
			<leg mode="pt">
			</leg>
			<activity type="work" x="2010.0" y="990.0" link="car_3" end_time="15:20:00" >
			</activity>
			<leg mode="pt">
			</leg>
			<activity type="home" x="-10.0" y="1410.0" link="car_17bOut" >
			</activity>
		</plan>

	</person>

<!-- ====================================================================== -->

	<person id="441">
		<plan selected="yes">
			<activity type="home" x="-10.0" y="1410.0" link="car_17bOut" start_time="01:00:00" end_time="07:21:00" >
			</activity>
			<leg mode="pt">
			</leg>
			<activity type="work" x="2010.0" y="990.0" link="car_3" end_time="15:21:00" >
			</activity>
			<leg mode="pt">
			</leg>
			<activity type="home" x="-10.0" y="1410.0" link="car_17bOut" >
			</activity>
		</plan>

	</person>

<!-- ====================================================================== -->

	<person id="442">
		<plan selected="yes">
			<activity type="home" x="-10.0" y="1410.0" link="car_17bOut" start_time="01:00:00" end_time="07:22:00" >
			</activity>
			<leg mode="pt">
			</leg>
			<activity type="work" x="2010.0" y="990.0" link="car_3" end_time="15:22:00" >
			</activity>
			<leg mode="pt">
			</leg>
			<activity type="home" x="-10.0" y="1410.0" link="car_17bOut" >
			</activity>
		</plan>

	</person>

<!-- ====================================================================== -->

	<person id="443">
		<plan selected="yes">
			<activity type="home" x="-10.0" y="1410.0" link="car_17bOut" start_time="01:00:00" end_time="07:23:00" >
			</activity>
			<leg mode="pt">
			</leg>
			<activity type="work" x="2010.0" y="990.0" link="car_3" end_time="15:23:00" >
			</activity>
			<leg mode="pt">
			</leg>
			<activity type="home" x="-10.0" y="1410.0" link="car_17bOut" >
			</activity>
		</plan>

	</person>

<!-- ====================================================================== -->

	<person id="444">
		<plan selected="yes">
			<activity type="home" x="-10.0" y="1410.0" link="car_17bOut" start_time="01:00:00" end_time="07:24:00" >
			</activity>
			<leg mode="pt">
			</leg>
			<activity type="work" x="2010.0" y="990.0" link="car_3" end_time="15:24:00" >
			</activity>
			<leg mode="pt">
			</leg>
			<activity type="home" x="-10.0" y="1410.0" link="car_17bOut" >
			</activity>
		</plan>

	</person>

<!-- ====================================================================== -->

	<person id="445">
		<plan selected="yes">
			<activity type="home" x="-10.0" y="1410.0" link="car_17bOut" start_time="01:00:00" end_time="07:25:00" >
			</activity>
			<leg mode="pt">
			</leg>
			<activity type="work" x="2010.0" y="990.0" link="car_3" end_time="15:25:00" >
			</activity>
			<leg mode="pt">
			</leg>
			<activity type="home" x="-10.0" y="1410.0" link="car_17bOut" >
			</activity>
		</plan>

	</person>

<!-- ====================================================================== -->

	<person id="446">
		<plan selected="yes">
			<activity type="home" x="-10.0" y="1410.0" link="car_17bOut" start_time="01:00:00" end_time="07:26:00" >
			</activity>
			<leg mode="pt">
			</leg>
			<activity type="work" x="2010.0" y="990.0" link="car_3" end_time="15:26:00" >
			</activity>
			<leg mode="pt">
			</leg>
			<activity type="home" x="-10.0" y="1410.0" link="car_17bOut" >
			</activity>
		</plan>

	</person>

<!-- ====================================================================== -->

	<person id="447">
		<plan selected="yes">
			<activity type="home" x="-10.0" y="1410.0" link="car_17bOut" start_time="01:00:00" end_time="07:27:00" >
			</activity>
			<leg mode="pt">
			</leg>
			<activity type="work" x="2010.0" y="990.0" link="car_3" end_time="15:27:00" >
			</activity>
			<leg mode="pt">
			</leg>
			<activity type="home" x="-10.0" y="1410.0" link="car_17bOut" >
			</activity>
		</plan>

	</person>

<!-- ====================================================================== -->

	<person id="448">
		<plan selected="yes">
			<activity type="home" x="-10.0" y="1410.0" link="car_17bOut" start_time="01:00:00" end_time="07:28:00" >
			</activity>
			<leg mode="pt">
			</leg>
			<activity type="work" x="2010.0" y="990.0" link="car_3" end_time="15:28:00" >
			</activity>
			<leg mode="pt">
			</leg>
			<activity type="home" x="-10.0" y="1410.0" link="car_17bOut" >
			</activity>
		</plan>

	</person>

<!-- ====================================================================== -->

	<person id="449">
		<plan selected="yes">
			<activity type="home" x="-10.0" y="1410.0" link="car_17bOut" start_time="01:00:00" end_time="07:29:00" >
			</activity>
			<leg mode="pt">
			</leg>
			<activity type="work" x="2010.0" y="990.0" link="car_3" end_time="15:29:00" >
			</activity>
			<leg mode="pt">
			</leg>
			<activity type="home" x="-10.0" y="1410.0" link="car_17bOut" >
			</activity>
		</plan>

	</person>

<!-- ====================================================================== -->

	<person id="450">
		<plan selected="yes">
			<activity type="home" x="-10.0" y="1410.0" link="car_17bOut" start_time="01:00:00" end_time="07:30:00" >
			</activity>
			<leg mode="pt">
			</leg>
			<activity type="work" x="2010.0" y="990.0" link="car_3" end_time="15:30:00" >
			</activity>
			<leg mode="pt">
			</leg>
			<activity type="home" x="-10.0" y="1410.0" link="car_17bOut" >
			</activity>
		</plan>

	</person>

<!-- ====================================================================== -->

	<person id="451">
		<plan selected="yes">
			<activity type="home" x="-10.0" y="1410.0" link="car_17bOut" start_time="01:00:00" end_time="07:31:00" >
			</activity>
			<leg mode="pt">
			</leg>
			<activity type="work" x="2010.0" y="990.0" link="car_3" end_time="15:31:00" >
			</activity>
			<leg mode="pt">
			</leg>
			<activity type="home" x="-10.0" y="1410.0" link="car_17bOut" >
			</activity>
		</plan>

	</person>

<!-- ====================================================================== -->

	<person id="452">
		<plan selected="yes">
			<activity type="home" x="-10.0" y="1410.0" link="car_17bOut" start_time="01:00:00" end_time="07:32:00" >
			</activity>
			<leg mode="pt">
			</leg>
			<activity type="work" x="2010.0" y="990.0" link="car_3" end_time="15:32:00" >
			</activity>
			<leg mode="pt">
			</leg>
			<activity type="home" x="-10.0" y="1410.0" link="car_17bOut" >
			</activity>
		</plan>

	</person>

<!-- ====================================================================== -->

	<person id="453">
		<plan selected="yes">
			<activity type="home" x="-10.0" y="1410.0" link="car_17bOut" start_time="01:00:00" end_time="07:33:00" >
			</activity>
			<leg mode="pt">
			</leg>
			<activity type="work" x="2010.0" y="990.0" link="car_3" end_time="15:33:00" >
			</activity>
			<leg mode="pt">
			</leg>
			<activity type="home" x="-10.0" y="1410.0" link="car_17bOut" >
			</activity>
		</plan>

	</person>

<!-- ====================================================================== -->

	<person id="454">
		<plan selected="yes">
			<activity type="home" x="-10.0" y="1410.0" link="car_17bOut" start_time="01:00:00" end_time="07:34:00" >
			</activity>
			<leg mode="pt">
			</leg>
			<activity type="work" x="2010.0" y="990.0" link="car_3" end_time="15:34:00" >
			</activity>
			<leg mode="pt">
			</leg>
			<activity type="home" x="-10.0" y="1410.0" link="car_17bOut" >
			</activity>
		</plan>

	</person>

<!-- ====================================================================== -->

	<person id="455">
		<plan selected="yes">
			<activity type="home" x="-10.0" y="1410.0" link="car_17bOut" start_time="01:00:00" end_time="07:35:00" >
			</activity>
			<leg mode="pt">
			</leg>
			<activity type="work" x="2010.0" y="990.0" link="car_3" end_time="15:35:00" >
			</activity>
			<leg mode="pt">
			</leg>
			<activity type="home" x="-10.0" y="1410.0" link="car_17bOut" >
			</activity>
		</plan>

	</person>

<!-- ====================================================================== -->

	<person id="456">
		<plan selected="yes">
			<activity type="home" x="-10.0" y="1410.0" link="car_17bOut" start_time="01:00:00" end_time="07:36:00" >
			</activity>
			<leg mode="pt">
			</leg>
			<activity type="work" x="2010.0" y="990.0" link="car_3" end_time="15:36:00" >
			</activity>
			<leg mode="pt">
			</leg>
			<activity type="home" x="-10.0" y="1410.0" link="car_17bOut" >
			</activity>
		</plan>

	</person>

<!-- ====================================================================== -->

	<person id="457">
		<plan selected="yes">
			<activity type="home" x="-10.0" y="1410.0" link="car_17bOut" start_time="01:00:00" end_time="07:37:00" >
			</activity>
			<leg mode="pt">
			</leg>
			<activity type="work" x="2010.0" y="990.0" link="car_3" end_time="15:37:00" >
			</activity>
			<leg mode="pt">
			</leg>
			<activity type="home" x="-10.0" y="1410.0" link="car_17bOut" >
			</activity>
		</plan>

	</person>

<!-- ====================================================================== -->

	<person id="458">
		<plan selected="yes">
			<activity type="home" x="-10.0" y="1410.0" link="car_17bOut" start_time="01:00:00" end_time="07:38:00" >
			</activity>
			<leg mode="pt">
			</leg>
			<activity type="work" x="2010.0" y="990.0" link="car_3" end_time="15:38:00" >
			</activity>
			<leg mode="pt">
			</leg>
			<activity type="home" x="-10.0" y="1410.0" link="car_17bOut" >
			</activity>
		</plan>

	</person>

<!-- ====================================================================== -->

	<person id="459">
		<plan selected="yes">
			<activity type="home" x="-10.0" y="1410.0" link="car_17bOut" start_time="01:00:00" end_time="07:39:00" >
			</activity>
			<leg mode="pt">
			</leg>
			<activity type="work" x="2010.0" y="990.0" link="car_3" end_time="15:39:00" >
			</activity>
			<leg mode="pt">
			</leg>
			<activity type="home" x="-10.0" y="1410.0" link="car_17bOut" >
			</activity>
		</plan>

	</person>

<!-- ====================================================================== -->

	<person id="460">
		<plan selected="yes">
			<activity type="home" x="-10.0" y="1410.0" link="car_17bOut" start_time="01:00:00" end_time="07:40:00" >
			</activity>
			<leg mode="pt">
			</leg>
			<activity type="work" x="2010.0" y="990.0" link="car_3" end_time="15:40:00" >
			</activity>
			<leg mode="pt">
			</leg>
			<activity type="home" x="-10.0" y="1410.0" link="car_17bOut" >
			</activity>
		</plan>

	</person>

<!-- ====================================================================== -->

	<person id="461">
		<plan selected="yes">
			<activity type="home" x="-10.0" y="1410.0" link="car_17bOut" start_time="01:00:00" end_time="07:41:00" >
			</activity>
			<leg mode="pt">
			</leg>
			<activity type="work" x="2010.0" y="990.0" link="car_3" end_time="15:41:00" >
			</activity>
			<leg mode="pt">
			</leg>
			<activity type="home" x="-10.0" y="1410.0" link="car_17bOut" >
			</activity>
		</plan>

	</person>

<!-- ====================================================================== -->

	<person id="462">
		<plan selected="yes">
			<activity type="home" x="-10.0" y="1410.0" link="car_17bOut" start_time="01:00:00" end_time="07:42:00" >
			</activity>
			<leg mode="pt">
			</leg>
			<activity type="work" x="2010.0" y="990.0" link="car_3" end_time="15:42:00" >
			</activity>
			<leg mode="pt">
			</leg>
			<activity type="home" x="-10.0" y="1410.0" link="car_17bOut" >
			</activity>
		</plan>

	</person>

<!-- ====================================================================== -->

	<person id="463">
		<plan selected="yes">
			<activity type="home" x="-10.0" y="1410.0" link="car_17bOut" start_time="01:00:00" end_time="07:43:00" >
			</activity>
			<leg mode="pt">
			</leg>
			<activity type="work" x="2010.0" y="990.0" link="car_3" end_time="15:43:00" >
			</activity>
			<leg mode="pt">
			</leg>
			<activity type="home" x="-10.0" y="1410.0" link="car_17bOut" >
			</activity>
		</plan>

	</person>

<!-- ====================================================================== -->

	<person id="464">
		<plan selected="yes">
			<activity type="home" x="-10.0" y="1410.0" link="car_17bOut" start_time="01:00:00" end_time="07:44:00" >
			</activity>
			<leg mode="pt">
			</leg>
			<activity type="work" x="2010.0" y="990.0" link="car_3" end_time="15:44:00" >
			</activity>
			<leg mode="pt">
			</leg>
			<activity type="home" x="-10.0" y="1410.0" link="car_17bOut" >
			</activity>
		</plan>

	</person>

<!-- ====================================================================== -->

	<person id="465">
		<plan selected="yes">
			<activity type="home" x="-10.0" y="1410.0" link="car_17bOut" start_time="01:00:00" end_time="07:45:00" >
			</activity>
			<leg mode="pt">
			</leg>
			<activity type="work" x="2010.0" y="990.0" link="car_3" end_time="15:45:00" >
			</activity>
			<leg mode="pt">
			</leg>
			<activity type="home" x="-10.0" y="1410.0" link="car_17bOut" >
			</activity>
		</plan>

	</person>

<!-- ====================================================================== -->

	<person id="466">
		<plan selected="yes">
			<activity type="home" x="-10.0" y="1410.0" link="car_17bOut" start_time="01:00:00" end_time="07:46:00" >
			</activity>
			<leg mode="pt">
			</leg>
			<activity type="work" x="2010.0" y="990.0" link="car_3" end_time="15:46:00" >
			</activity>
			<leg mode="pt">
			</leg>
			<activity type="home" x="-10.0" y="1410.0" link="car_17bOut" >
			</activity>
		</plan>

	</person>

<!-- ====================================================================== -->

	<person id="467">
		<plan selected="yes">
			<activity type="home" x="-10.0" y="1410.0" link="car_17bOut" start_time="01:00:00" end_time="07:47:00" >
			</activity>
			<leg mode="pt">
			</leg>
			<activity type="work" x="2010.0" y="990.0" link="car_3" end_time="15:47:00" >
			</activity>
			<leg mode="pt">
			</leg>
			<activity type="home" x="-10.0" y="1410.0" link="car_17bOut" >
			</activity>
		</plan>

	</person>

<!-- ====================================================================== -->

	<person id="468">
		<plan selected="yes">
			<activity type="home" x="-10.0" y="1410.0" link="car_17bOut" start_time="01:00:00" end_time="07:48:00" >
			</activity>
			<leg mode="pt">
			</leg>
			<activity type="work" x="2010.0" y="990.0" link="car_3" end_time="15:48:00" >
			</activity>
			<leg mode="pt">
			</leg>
			<activity type="home" x="-10.0" y="1410.0" link="car_17bOut" >
			</activity>
		</plan>

	</person>

<!-- ====================================================================== -->

	<person id="469">
		<plan selected="yes">
			<activity type="home" x="-10.0" y="1410.0" link="car_17bOut" start_time="01:00:00" end_time="07:49:00" >
			</activity>
			<leg mode="pt">
			</leg>
			<activity type="work" x="2010.0" y="990.0" link="car_3" end_time="15:49:00" >
			</activity>
			<leg mode="pt">
			</leg>
			<activity type="home" x="-10.0" y="1410.0" link="car_17bOut" >
			</activity>
		</plan>

	</person>

<!-- ====================================================================== -->

	<person id="470">
		<plan selected="yes">
			<activity type="home" x="-10.0" y="1410.0" link="car_17bOut" start_time="01:00:00" end_time="07:50:00" >
			</activity>
			<leg mode="pt">
			</leg>
			<activity type="work" x="2010.0" y="990.0" link="car_3" end_time="15:50:00" >
			</activity>
			<leg mode="pt">
			</leg>
			<activity type="home" x="-10.0" y="1410.0" link="car_17bOut" >
			</activity>
		</plan>

	</person>

<!-- ====================================================================== -->

	<person id="471">
		<plan selected="yes">
			<activity type="home" x="-10.0" y="1410.0" link="car_17bOut" start_time="01:00:00" end_time="07:51:00" >
			</activity>
			<leg mode="pt">
			</leg>
			<activity type="work" x="2010.0" y="990.0" link="car_3" end_time="15:51:00" >
			</activity>
			<leg mode="pt">
			</leg>
			<activity type="home" x="-10.0" y="1410.0" link="car_17bOut" >
			</activity>
		</plan>

	</person>

<!-- ====================================================================== -->

	<person id="472">
		<plan selected="yes">
			<activity type="home" x="-10.0" y="1410.0" link="car_17bOut" start_time="01:00:00" end_time="07:52:00" >
			</activity>
			<leg mode="pt">
			</leg>
			<activity type="work" x="2010.0" y="990.0" link="car_3" end_time="15:52:00" >
			</activity>
			<leg mode="pt">
			</leg>
			<activity type="home" x="-10.0" y="1410.0" link="car_17bOut" >
			</activity>
		</plan>

	</person>

<!-- ====================================================================== -->

	<person id="473">
		<plan selected="yes">
			<activity type="home" x="-10.0" y="1410.0" link="car_17bOut" start_time="01:00:00" end_time="07:53:00" >
			</activity>
			<leg mode="pt">
			</leg>
			<activity type="work" x="2010.0" y="990.0" link="car_3" end_time="15:53:00" >
			</activity>
			<leg mode="pt">
			</leg>
			<activity type="home" x="-10.0" y="1410.0" link="car_17bOut" >
			</activity>
		</plan>

	</person>

<!-- ====================================================================== -->

	<person id="474">
		<plan selected="yes">
			<activity type="home" x="-10.0" y="1410.0" link="car_17bOut" start_time="01:00:00" end_time="07:54:00" >
			</activity>
			<leg mode="pt">
			</leg>
			<activity type="work" x="2010.0" y="990.0" link="car_3" end_time="15:54:00" >
			</activity>
			<leg mode="pt">
			</leg>
			<activity type="home" x="-10.0" y="1410.0" link="car_17bOut" >
			</activity>
		</plan>

	</person>

<!-- ====================================================================== -->

	<person id="475">
		<plan selected="yes">
			<activity type="home" x="-10.0" y="1410.0" link="car_17bOut" start_time="01:00:00" end_time="07:55:00" >
			</activity>
			<leg mode="pt">
			</leg>
			<activity type="work" x="2010.0" y="990.0" link="car_3" end_time="15:55:00" >
			</activity>
			<leg mode="pt">
			</leg>
			<activity type="home" x="-10.0" y="1410.0" link="car_17bOut" >
			</activity>
		</plan>

	</person>

<!-- ====================================================================== -->

	<person id="476">
		<plan selected="yes">
			<activity type="home" x="-10.0" y="1410.0" link="car_17bOut" start_time="01:00:00" end_time="07:56:00" >
			</activity>
			<leg mode="pt">
			</leg>
			<activity type="work" x="2010.0" y="990.0" link="car_3" end_time="15:56:00" >
			</activity>
			<leg mode="pt">
			</leg>
			<activity type="home" x="-10.0" y="1410.0" link="car_17bOut" >
			</activity>
		</plan>

	</person>

<!-- ====================================================================== -->

	<person id="477">
		<plan selected="yes">
			<activity type="home" x="-10.0" y="1410.0" link="car_17bOut" start_time="01:00:00" end_time="07:57:00" >
			</activity>
			<leg mode="pt">
			</leg>
			<activity type="work" x="2010.0" y="990.0" link="car_3" end_time="15:57:00" >
			</activity>
			<leg mode="pt">
			</leg>
			<activity type="home" x="-10.0" y="1410.0" link="car_17bOut" >
			</activity>
		</plan>

	</person>

<!-- ====================================================================== -->

	<person id="478">
		<plan selected="yes">
			<activity type="home" x="-10.0" y="1410.0" link="car_17bOut" start_time="01:00:00" end_time="07:58:00" >
			</activity>
			<leg mode="pt">
			</leg>
			<activity type="work" x="2010.0" y="990.0" link="car_3" end_time="15:58:00" >
			</activity>
			<leg mode="pt">
			</leg>
			<activity type="home" x="-10.0" y="1410.0" link="car_17bOut" >
			</activity>
		</plan>

	</person>

<!-- ====================================================================== -->

	<person id="479">
		<plan selected="yes">
			<activity type="home" x="-10.0" y="1410.0" link="car_17bOut" start_time="01:00:00" end_time="07:59:00" >
			</activity>
			<leg mode="pt">
			</leg>
			<activity type="work" x="2010.0" y="990.0" link="car_3" end_time="15:59:00" >
			</activity>
			<leg mode="pt">
			</leg>
			<activity type="home" x="-10.0" y="1410.0" link="car_17bOut" >
			</activity>
		</plan>

	</person>

<!-- ====================================================================== -->

	<person id="480">
		<plan selected="yes">
			<activity type="home" x="-10.0" y="1410.0" link="car_17bOut" start_time="01:00:00" end_time="08:00:00" >
			</activity>
			<leg mode="pt">
			</leg>
			<activity type="work" x="2010.0" y="990.0" link="car_3" end_time="16:00:00" >
			</activity>
			<leg mode="pt">
			</leg>
			<activity type="home" x="-10.0" y="1410.0" link="car_17bOut" >
			</activity>
		</plan>

	</person>

<!-- ====================================================================== -->

	<person id="481">
		<plan selected="yes">
			<activity type="home" x="-10.0" y="1410.0" link="car_17bOut" start_time="01:00:00" end_time="08:01:00" >
			</activity>
			<leg mode="pt">
			</leg>
			<activity type="work" x="2010.0" y="990.0" link="car_3" end_time="16:01:00" >
			</activity>
			<leg mode="pt">
			</leg>
			<activity type="home" x="-10.0" y="1410.0" link="car_17bOut" >
			</activity>
		</plan>

	</person>

<!-- ====================================================================== -->

	<person id="482">
		<plan selected="yes">
			<activity type="home" x="-10.0" y="1410.0" link="car_17bOut" start_time="01:00:00" end_time="08:02:00" >
			</activity>
			<leg mode="pt">
			</leg>
			<activity type="work" x="2010.0" y="990.0" link="car_3" end_time="16:02:00" >
			</activity>
			<leg mode="pt">
			</leg>
			<activity type="home" x="-10.0" y="1410.0" link="car_17bOut" >
			</activity>
		</plan>

	</person>

<!-- ====================================================================== -->

	<person id="483">
		<plan selected="yes">
			<activity type="home" x="-10.0" y="1410.0" link="car_17bOut" start_time="01:00:00" end_time="08:03:00" >
			</activity>
			<leg mode="pt">
			</leg>
			<activity type="work" x="2010.0" y="990.0" link="car_3" end_time="16:03:00" >
			</activity>
			<leg mode="pt">
			</leg>
			<activity type="home" x="-10.0" y="1410.0" link="car_17bOut" >
			</activity>
		</plan>

	</person>

<!-- ====================================================================== -->

	<person id="484">
		<plan selected="yes">
			<activity type="home" x="-10.0" y="1410.0" link="car_17bOut" start_time="01:00:00" end_time="08:04:00" >
			</activity>
			<leg mode="pt">
			</leg>
			<activity type="work" x="2010.0" y="990.0" link="car_3" end_time="16:04:00" >
			</activity>
			<leg mode="pt">
			</leg>
			<activity type="home" x="-10.0" y="1410.0" link="car_17bOut" >
			</activity>
		</plan>

	</person>

<!-- ====================================================================== -->

	<person id="485">
		<plan selected="yes">
			<activity type="home" x="-10.0" y="1410.0" link="car_17bOut" start_time="01:00:00" end_time="08:05:00" >
			</activity>
			<leg mode="pt">
			</leg>
			<activity type="work" x="2010.0" y="990.0" link="car_3" end_time="16:05:00" >
			</activity>
			<leg mode="pt">
			</leg>
			<activity type="home" x="-10.0" y="1410.0" link="car_17bOut" >
			</activity>
		</plan>

	</person>

<!-- ====================================================================== -->

	<person id="486">
		<plan selected="yes">
			<activity type="home" x="-10.0" y="1410.0" link="car_17bOut" start_time="01:00:00" end_time="08:06:00" >
			</activity>
			<leg mode="pt">
			</leg>
			<activity type="work" x="2010.0" y="990.0" link="car_3" end_time="16:06:00" >
			</activity>
			<leg mode="pt">
			</leg>
			<activity type="home" x="-10.0" y="1410.0" link="car_17bOut" >
			</activity>
		</plan>

	</person>

<!-- ====================================================================== -->

	<person id="487">
		<plan selected="yes">
			<activity type="home" x="-10.0" y="1410.0" link="car_17bOut" start_time="01:00:00" end_time="08:07:00" >
			</activity>
			<leg mode="pt">
			</leg>
			<activity type="work" x="2010.0" y="990.0" link="car_3" end_time="16:07:00" >
			</activity>
			<leg mode="pt">
			</leg>
			<activity type="home" x="-10.0" y="1410.0" link="car_17bOut" >
			</activity>
		</plan>

	</person>

<!-- ====================================================================== -->

	<person id="488">
		<plan selected="yes">
			<activity type="home" x="-10.0" y="1410.0" link="car_17bOut" start_time="01:00:00" end_time="08:08:00" >
			</activity>
			<leg mode="pt">
			</leg>
			<activity type="work" x="2010.0" y="990.0" link="car_3" end_time="16:08:00" >
			</activity>
			<leg mode="pt">
			</leg>
			<activity type="home" x="-10.0" y="1410.0" link="car_17bOut" >
			</activity>
		</plan>

	</person>

<!-- ====================================================================== -->

	<person id="489">
		<plan selected="yes">
			<activity type="home" x="-10.0" y="1410.0" link="car_17bOut" start_time="01:00:00" end_time="08:09:00" >
			</activity>
			<leg mode="pt">
			</leg>
			<activity type="work" x="2010.0" y="990.0" link="car_3" end_time="16:09:00" >
			</activity>
			<leg mode="pt">
			</leg>
			<activity type="home" x="-10.0" y="1410.0" link="car_17bOut" >
			</activity>
		</plan>

	</person>

<!-- ====================================================================== -->

	<person id="490">
		<plan selected="yes">
			<activity type="home" x="-10.0" y="1410.0" link="car_17bOut" start_time="01:00:00" end_time="08:10:00" >
			</activity>
			<leg mode="pt">
			</leg>
			<activity type="work" x="2010.0" y="990.0" link="car_3" end_time="16:10:00" >
			</activity>
			<leg mode="pt">
			</leg>
			<activity type="home" x="-10.0" y="1410.0" link="car_17bOut" >
			</activity>
		</plan>

	</person>

<!-- ====================================================================== -->

	<person id="491">
		<plan selected="yes">
			<activity type="home" x="-10.0" y="1410.0" link="car_17bOut" start_time="01:00:00" end_time="08:11:00" >
			</activity>
			<leg mode="pt">
			</leg>
			<activity type="work" x="2010.0" y="990.0" link="car_3" end_time="16:11:00" >
			</activity>
			<leg mode="pt">
			</leg>
			<activity type="home" x="-10.0" y="1410.0" link="car_17bOut" >
			</activity>
		</plan>

	</person>

<!-- ====================================================================== -->

	<person id="492">
		<plan selected="yes">
			<activity type="home" x="-10.0" y="1410.0" link="car_17bOut" start_time="01:00:00" end_time="08:12:00" >
			</activity>
			<leg mode="pt">
			</leg>
			<activity type="work" x="2010.0" y="990.0" link="car_3" end_time="16:12:00" >
			</activity>
			<leg mode="pt">
			</leg>
			<activity type="home" x="-10.0" y="1410.0" link="car_17bOut" >
			</activity>
		</plan>

	</person>

<!-- ====================================================================== -->

	<person id="493">
		<plan selected="yes">
			<activity type="home" x="-10.0" y="1410.0" link="car_17bOut" start_time="01:00:00" end_time="08:13:00" >
			</activity>
			<leg mode="pt">
			</leg>
			<activity type="work" x="2010.0" y="990.0" link="car_3" end_time="16:13:00" >
			</activity>
			<leg mode="pt">
			</leg>
			<activity type="home" x="-10.0" y="1410.0" link="car_17bOut" >
			</activity>
		</plan>

	</person>

<!-- ====================================================================== -->

	<person id="494">
		<plan selected="yes">
			<activity type="home" x="-10.0" y="1410.0" link="car_17bOut" start_time="01:00:00" end_time="08:14:00" >
			</activity>
			<leg mode="pt">
			</leg>
			<activity type="work" x="2010.0" y="990.0" link="car_3" end_time="16:14:00" >
			</activity>
			<leg mode="pt">
			</leg>
			<activity type="home" x="-10.0" y="1410.0" link="car_17bOut" >
			</activity>
		</plan>

	</person>

<!-- ====================================================================== -->

	<person id="495">
		<plan selected="yes">
			<activity type="home" x="-10.0" y="1410.0" link="car_17bOut" start_time="01:00:00" end_time="08:15:00" >
			</activity>
			<leg mode="pt">
			</leg>
			<activity type="work" x="2010.0" y="990.0" link="car_3" end_time="16:15:00" >
			</activity>
			<leg mode="pt">
			</leg>
			<activity type="home" x="-10.0" y="1410.0" link="car_17bOut" >
			</activity>
		</plan>

	</person>

<!-- ====================================================================== -->

	<person id="496">
		<plan selected="yes">
			<activity type="home" x="-10.0" y="1410.0" link="car_17bOut" start_time="01:00:00" end_time="08:16:00" >
			</activity>
			<leg mode="pt">
			</leg>
			<activity type="work" x="2010.0" y="990.0" link="car_3" end_time="16:16:00" >
			</activity>
			<leg mode="pt">
			</leg>
			<activity type="home" x="-10.0" y="1410.0" link="car_17bOut" >
			</activity>
		</plan>

	</person>

<!-- ====================================================================== -->

	<person id="497">
		<plan selected="yes">
			<activity type="home" x="-10.0" y="1410.0" link="car_17bOut" start_time="01:00:00" end_time="08:17:00" >
			</activity>
			<leg mode="pt">
			</leg>
			<activity type="work" x="2010.0" y="990.0" link="car_3" end_time="16:17:00" >
			</activity>
			<leg mode="pt">
			</leg>
			<activity type="home" x="-10.0" y="1410.0" link="car_17bOut" >
			</activity>
		</plan>

	</person>

<!-- ====================================================================== -->

	<person id="498">
		<plan selected="yes">
			<activity type="home" x="-10.0" y="1410.0" link="car_17bOut" start_time="01:00:00" end_time="08:18:00" >
			</activity>
			<leg mode="pt">
			</leg>
			<activity type="work" x="2010.0" y="990.0" link="car_3" end_time="16:18:00" >
			</activity>
			<leg mode="pt">
			</leg>
			<activity type="home" x="-10.0" y="1410.0" link="car_17bOut" >
			</activity>
		</plan>

	</person>

<!-- ====================================================================== -->

	<person id="499">
		<plan selected="yes">
			<activity type="home" x="-10.0" y="1410.0" link="car_17bOut" start_time="01:00:00" end_time="08:19:00" >
			</activity>
			<leg mode="pt">
			</leg>
			<activity type="work" x="2010.0" y="990.0" link="car_3" end_time="16:19:00" >
			</activity>
			<leg mode="pt">
			</leg>
			<activity type="home" x="-10.0" y="1410.0" link="car_17bOut" >
			</activity>
		</plan>

	</person>

<!-- ====================================================================== -->

	<person id="500">
		<plan selected="yes">
			<activity type="home" x="-10.0" y="1410.0" link="car_17bOut" start_time="01:00:00" end_time="08:20:00" >
			</activity>
			<leg mode="pt">
			</leg>
			<activity type="work" x="2010.0" y="990.0" link="car_3" end_time="16:20:00" >
			</activity>
			<leg mode="pt">
			</leg>
			<activity type="home" x="-10.0" y="1410.0" link="car_17bOut" >
			</activity>
		</plan>

	</person>

<!-- ====================================================================== -->

	<person id="501">
		<plan selected="yes">
			<activity type="home" x="-10.0" y="1410.0" link="car_17bOut" start_time="01:00:00" end_time="08:21:00" >
			</activity>
			<leg mode="pt">
			</leg>
			<activity type="work" x="2010.0" y="990.0" link="car_3" end_time="16:21:00" >
			</activity>
			<leg mode="pt">
			</leg>
			<activity type="home" x="-10.0" y="1410.0" link="car_17bOut" >
			</activity>
		</plan>

	</person>

<!-- ====================================================================== -->

	<person id="502">
		<plan selected="yes">
			<activity type="home" x="-10.0" y="1410.0" link="car_17bOut" start_time="01:00:00" end_time="08:22:00" >
			</activity>
			<leg mode="pt">
			</leg>
			<activity type="work" x="2010.0" y="990.0" link="car_3" end_time="16:22:00" >
			</activity>
			<leg mode="pt">
			</leg>
			<activity type="home" x="-10.0" y="1410.0" link="car_17bOut" >
			</activity>
		</plan>

	</person>

<!-- ====================================================================== -->

	<person id="503">
		<plan selected="yes">
			<activity type="home" x="-10.0" y="1410.0" link="car_17bOut" start_time="01:00:00" end_time="08:23:00" >
			</activity>
			<leg mode="pt">
			</leg>
			<activity type="work" x="2010.0" y="990.0" link="car_3" end_time="16:23:00" >
			</activity>
			<leg mode="pt">
			</leg>
			<activity type="home" x="-10.0" y="1410.0" link="car_17bOut" >
			</activity>
		</plan>

	</person>

<!-- ====================================================================== -->

	<person id="504">
		<plan selected="yes">
			<activity type="home" x="-10.0" y="1410.0" link="car_17bOut" start_time="01:00:00" end_time="08:24:00" >
			</activity>
			<leg mode="pt">
			</leg>
			<activity type="work" x="2010.0" y="990.0" link="car_3" end_time="16:24:00" >
			</activity>
			<leg mode="pt">
			</leg>
			<activity type="home" x="-10.0" y="1410.0" link="car_17bOut" >
			</activity>
		</plan>

	</person>

<!-- ====================================================================== -->

	<person id="505">
		<plan selected="yes">
			<activity type="home" x="-10.0" y="1410.0" link="car_17bOut" start_time="01:00:00" end_time="08:25:00" >
			</activity>
			<leg mode="pt">
			</leg>
			<activity type="work" x="2010.0" y="990.0" link="car_3" end_time="16:25:00" >
			</activity>
			<leg mode="pt">
			</leg>
			<activity type="home" x="-10.0" y="1410.0" link="car_17bOut" >
			</activity>
		</plan>

	</person>

<!-- ====================================================================== -->

	<person id="506">
		<plan selected="yes">
			<activity type="home" x="-10.0" y="1410.0" link="car_17bOut" start_time="01:00:00" end_time="08:26:00" >
			</activity>
			<leg mode="pt">
			</leg>
			<activity type="work" x="2010.0" y="990.0" link="car_3" end_time="16:26:00" >
			</activity>
			<leg mode="pt">
			</leg>
			<activity type="home" x="-10.0" y="1410.0" link="car_17bOut" >
			</activity>
		</plan>

	</person>

<!-- ====================================================================== -->

	<person id="507">
		<plan selected="yes">
			<activity type="home" x="-10.0" y="1410.0" link="car_17bOut" start_time="01:00:00" end_time="08:27:00" >
			</activity>
			<leg mode="pt">
			</leg>
			<activity type="work" x="2010.0" y="990.0" link="car_3" end_time="16:27:00" >
			</activity>
			<leg mode="pt">
			</leg>
			<activity type="home" x="-10.0" y="1410.0" link="car_17bOut" >
			</activity>
		</plan>

	</person>

<!-- ====================================================================== -->

	<person id="508">
		<plan selected="yes">
			<activity type="home" x="-10.0" y="1410.0" link="car_17bOut" start_time="01:00:00" end_time="08:28:00" >
			</activity>
			<leg mode="pt">
			</leg>
			<activity type="work" x="2010.0" y="990.0" link="car_3" end_time="16:28:00" >
			</activity>
			<leg mode="pt">
			</leg>
			<activity type="home" x="-10.0" y="1410.0" link="car_17bOut" >
			</activity>
		</plan>

	</person>

<!-- ====================================================================== -->

	<person id="509">
		<plan selected="yes">
			<activity type="home" x="-10.0" y="1410.0" link="car_17bOut" start_time="01:00:00" end_time="08:29:00" >
			</activity>
			<leg mode="pt">
			</leg>
			<activity type="work" x="2010.0" y="990.0" link="car_3" end_time="16:29:00" >
			</activity>
			<leg mode="pt">
			</leg>
			<activity type="home" x="-10.0" y="1410.0" link="car_17bOut" >
			</activity>
		</plan>

	</person>

<!-- ====================================================================== -->

	<person id="510">
		<plan selected="yes">
			<activity type="home" x="-10.0" y="1410.0" link="car_17bOut" start_time="01:00:00" end_time="08:30:00" >
			</activity>
			<leg mode="pt">
			</leg>
			<activity type="work" x="2010.0" y="990.0" link="car_3" end_time="16:30:00" >
			</activity>
			<leg mode="pt">
			</leg>
			<activity type="home" x="-10.0" y="1410.0" link="car_17bOut" >
			</activity>
		</plan>

	</person>

<!-- ====================================================================== -->

	<person id="511">
		<plan selected="yes">
			<activity type="home" x="-10.0" y="1410.0" link="car_17bOut" start_time="01:00:00" end_time="08:31:00" >
			</activity>
			<leg mode="pt">
			</leg>
			<activity type="work" x="2010.0" y="990.0" link="car_3" end_time="16:31:00" >
			</activity>
			<leg mode="pt">
			</leg>
			<activity type="home" x="-10.0" y="1410.0" link="car_17bOut" >
			</activity>
		</plan>

	</person>

<!-- ====================================================================== -->

	<person id="512">
		<plan selected="yes">
			<activity type="home" x="-10.0" y="1410.0" link="car_17bOut" start_time="01:00:00" end_time="08:32:00" >
			</activity>
			<leg mode="pt">
			</leg>
			<activity type="work" x="2010.0" y="990.0" link="car_3" end_time="16:32:00" >
			</activity>
			<leg mode="pt">
			</leg>
			<activity type="home" x="-10.0" y="1410.0" link="car_17bOut" >
			</activity>
		</plan>

	</person>

<!-- ====================================================================== -->

	<person id="513">
		<plan selected="yes">
			<activity type="home" x="-10.0" y="1410.0" link="car_17bOut" start_time="01:00:00" end_time="08:33:00" >
			</activity>
			<leg mode="pt">
			</leg>
			<activity type="work" x="2010.0" y="990.0" link="car_3" end_time="16:33:00" >
			</activity>
			<leg mode="pt">
			</leg>
			<activity type="home" x="-10.0" y="1410.0" link="car_17bOut" >
			</activity>
		</plan>

	</person>

<!-- ====================================================================== -->

	<person id="514">
		<plan selected="yes">
			<activity type="home" x="-10.0" y="1410.0" link="car_17bOut" start_time="01:00:00" end_time="08:34:00" >
			</activity>
			<leg mode="pt">
			</leg>
			<activity type="work" x="2010.0" y="990.0" link="car_3" end_time="16:34:00" >
			</activity>
			<leg mode="pt">
			</leg>
			<activity type="home" x="-10.0" y="1410.0" link="car_17bOut" >
			</activity>
		</plan>

	</person>

<!-- ====================================================================== -->

	<person id="515">
		<plan selected="yes">
			<activity type="home" x="-10.0" y="1410.0" link="car_17bOut" start_time="01:00:00" end_time="08:35:00" >
			</activity>
			<leg mode="pt">
			</leg>
			<activity type="work" x="2010.0" y="990.0" link="car_3" end_time="16:35:00" >
			</activity>
			<leg mode="pt">
			</leg>
			<activity type="home" x="-10.0" y="1410.0" link="car_17bOut" >
			</activity>
		</plan>

	</person>

<!-- ====================================================================== -->

	<person id="516">
		<plan selected="yes">
			<activity type="home" x="-10.0" y="1410.0" link="car_17bOut" start_time="01:00:00" end_time="08:36:00" >
			</activity>
			<leg mode="pt">
			</leg>
			<activity type="work" x="2010.0" y="990.0" link="car_3" end_time="16:36:00" >
			</activity>
			<leg mode="pt">
			</leg>
			<activity type="home" x="-10.0" y="1410.0" link="car_17bOut" >
			</activity>
		</plan>

	</person>

<!-- ====================================================================== -->

	<person id="517">
		<plan selected="yes">
			<activity type="home" x="-10.0" y="1410.0" link="car_17bOut" start_time="01:00:00" end_time="08:37:00" >
			</activity>
			<leg mode="pt">
			</leg>
			<activity type="work" x="2010.0" y="990.0" link="car_3" end_time="16:37:00" >
			</activity>
			<leg mode="pt">
			</leg>
			<activity type="home" x="-10.0" y="1410.0" link="car_17bOut" >
			</activity>
		</plan>

	</person>

<!-- ====================================================================== -->

	<person id="518">
		<plan selected="yes">
			<activity type="home" x="-10.0" y="1410.0" link="car_17bOut" start_time="01:00:00" end_time="08:38:00" >
			</activity>
			<leg mode="pt">
			</leg>
			<activity type="work" x="2010.0" y="990.0" link="car_3" end_time="16:38:00" >
			</activity>
			<leg mode="pt">
			</leg>
			<activity type="home" x="-10.0" y="1410.0" link="car_17bOut" >
			</activity>
		</plan>

	</person>

<!-- ====================================================================== -->

	<person id="519">
		<plan selected="yes">
			<activity type="home" x="-10.0" y="1410.0" link="car_17bOut" start_time="01:00:00" end_time="08:39:00" >
			</activity>
			<leg mode="pt">
			</leg>
			<activity type="work" x="2010.0" y="990.0" link="car_3" end_time="16:39:00" >
			</activity>
			<leg mode="pt">
			</leg>
			<activity type="home" x="-10.0" y="1410.0" link="car_17bOut" >
			</activity>
		</plan>

	</person>

<!-- ====================================================================== -->

	<person id="520">
		<plan selected="yes">
			<activity type="home" x="-10.0" y="1410.0" link="car_17bOut" start_time="01:00:00" end_time="08:40:00" >
			</activity>
			<leg mode="pt">
			</leg>
			<activity type="work" x="2010.0" y="990.0" link="car_3" end_time="16:40:00" >
			</activity>
			<leg mode="pt">
			</leg>
			<activity type="home" x="-10.0" y="1410.0" link="car_17bOut" >
			</activity>
		</plan>

	</person>

<!-- ====================================================================== -->

	<person id="521">
		<plan selected="yes">
			<activity type="home" x="-10.0" y="1410.0" link="car_17bOut" start_time="01:00:00" end_time="08:41:00" >
			</activity>
			<leg mode="pt">
			</leg>
			<activity type="work" x="2010.0" y="990.0" link="car_3" end_time="16:41:00" >
			</activity>
			<leg mode="pt">
			</leg>
			<activity type="home" x="-10.0" y="1410.0" link="car_17bOut" >
			</activity>
		</plan>

	</person>

<!-- ====================================================================== -->

	<person id="522">
		<plan selected="yes">
			<activity type="home" x="-10.0" y="1410.0" link="car_17bOut" start_time="01:00:00" end_time="08:42:00" >
			</activity>
			<leg mode="pt">
			</leg>
			<activity type="work" x="2010.0" y="990.0" link="car_3" end_time="16:42:00" >
			</activity>
			<leg mode="pt">
			</leg>
			<activity type="home" x="-10.0" y="1410.0" link="car_17bOut" >
			</activity>
		</plan>

	</person>

<!-- ====================================================================== -->

	<person id="523">
		<plan selected="yes">
			<activity type="home" x="-10.0" y="1410.0" link="car_17bOut" start_time="01:00:00" end_time="08:43:00" >
			</activity>
			<leg mode="pt">
			</leg>
			<activity type="work" x="2010.0" y="990.0" link="car_3" end_time="16:43:00" >
			</activity>
			<leg mode="pt">
			</leg>
			<activity type="home" x="-10.0" y="1410.0" link="car_17bOut" >
			</activity>
		</plan>

	</person>

<!-- ====================================================================== -->

	<person id="524">
		<plan selected="yes">
			<activity type="home" x="-10.0" y="1410.0" link="car_17bOut" start_time="01:00:00" end_time="08:44:00" >
			</activity>
			<leg mode="pt">
			</leg>
			<activity type="work" x="2010.0" y="990.0" link="car_3" end_time="16:44:00" >
			</activity>
			<leg mode="pt">
			</leg>
			<activity type="home" x="-10.0" y="1410.0" link="car_17bOut" >
			</activity>
		</plan>

	</person>

<!-- ====================================================================== -->

	<person id="525">
		<plan selected="yes">
			<activity type="home" x="-10.0" y="1410.0" link="car_17bOut" start_time="01:00:00" end_time="08:45:00" >
			</activity>
			<leg mode="pt">
			</leg>
			<activity type="work" x="2010.0" y="990.0" link="car_3" end_time="16:45:00" >
			</activity>
			<leg mode="pt">
			</leg>
			<activity type="home" x="-10.0" y="1410.0" link="car_17bOut" >
			</activity>
		</plan>

	</person>

<!-- ====================================================================== -->

	<person id="526">
		<plan selected="yes">
			<activity type="home" x="-10.0" y="1410.0" link="car_17bOut" start_time="01:00:00" end_time="08:46:00" >
			</activity>
			<leg mode="pt">
			</leg>
			<activity type="work" x="2010.0" y="990.0" link="car_3" end_time="16:46:00" >
			</activity>
			<leg mode="pt">
			</leg>
			<activity type="home" x="-10.0" y="1410.0" link="car_17bOut" >
			</activity>
		</plan>

	</person>

<!-- ====================================================================== -->

	<person id="527">
		<plan selected="yes">
			<activity type="home" x="-10.0" y="1410.0" link="car_17bOut" start_time="01:00:00" end_time="08:47:00" >
			</activity>
			<leg mode="pt">
			</leg>
			<activity type="work" x="2010.0" y="990.0" link="car_3" end_time="16:47:00" >
			</activity>
			<leg mode="pt">
			</leg>
			<activity type="home" x="-10.0" y="1410.0" link="car_17bOut" >
			</activity>
		</plan>

	</person>

<!-- ====================================================================== -->

	<person id="528">
		<plan selected="yes">
			<activity type="home" x="-10.0" y="1410.0" link="car_17bOut" start_time="01:00:00" end_time="08:48:00" >
			</activity>
			<leg mode="pt">
			</leg>
			<activity type="work" x="2010.0" y="990.0" link="car_3" end_time="16:48:00" >
			</activity>
			<leg mode="pt">
			</leg>
			<activity type="home" x="-10.0" y="1410.0" link="car_17bOut" >
			</activity>
		</plan>

	</person>

<!-- ====================================================================== -->

	<person id="529">
		<plan selected="yes">
			<activity type="home" x="-10.0" y="1410.0" link="car_17bOut" start_time="01:00:00" end_time="08:49:00" >
			</activity>
			<leg mode="pt">
			</leg>
			<activity type="work" x="2010.0" y="990.0" link="car_3" end_time="16:49:00" >
			</activity>
			<leg mode="pt">
			</leg>
			<activity type="home" x="-10.0" y="1410.0" link="car_17bOut" >
			</activity>
		</plan>

	</person>

<!-- ====================================================================== -->

	<person id="530">
		<plan selected="yes">
			<activity type="home" x="-10.0" y="1410.0" link="car_17bOut" start_time="01:00:00" end_time="08:50:00" >
			</activity>
			<leg mode="pt">
			</leg>
			<activity type="work" x="2010.0" y="990.0" link="car_3" end_time="16:50:00" >
			</activity>
			<leg mode="pt">
			</leg>
			<activity type="home" x="-10.0" y="1410.0" link="car_17bOut" >
			</activity>
		</plan>

	</person>

<!-- ====================================================================== -->

	<person id="531">
		<plan selected="yes">
			<activity type="home" x="-10.0" y="1410.0" link="car_17bOut" start_time="01:00:00" end_time="08:51:00" >
			</activity>
			<leg mode="pt">
			</leg>
			<activity type="work" x="2010.0" y="990.0" link="car_3" end_time="16:51:00" >
			</activity>
			<leg mode="pt">
			</leg>
			<activity type="home" x="-10.0" y="1410.0" link="car_17bOut" >
			</activity>
		</plan>

	</person>

<!-- ====================================================================== -->

	<person id="532">
		<plan selected="yes">
			<activity type="home" x="-10.0" y="1410.0" link="car_17bOut" start_time="01:00:00" end_time="08:52:00" >
			</activity>
			<leg mode="pt">
			</leg>
			<activity type="work" x="2010.0" y="990.0" link="car_3" end_time="16:52:00" >
			</activity>
			<leg mode="pt">
			</leg>
			<activity type="home" x="-10.0" y="1410.0" link="car_17bOut" >
			</activity>
		</plan>

	</person>

<!-- ====================================================================== -->

	<person id="533">
		<plan selected="yes">
			<activity type="home" x="-10.0" y="1410.0" link="car_17bOut" start_time="01:00:00" end_time="08:53:00" >
			</activity>
			<leg mode="pt">
			</leg>
			<activity type="work" x="2010.0" y="990.0" link="car_3" end_time="16:53:00" >
			</activity>
			<leg mode="pt">
			</leg>
			<activity type="home" x="-10.0" y="1410.0" link="car_17bOut" >
			</activity>
		</plan>

	</person>

<!-- ====================================================================== -->

	<person id="534">
		<plan selected="yes">
			<activity type="home" x="-10.0" y="1410.0" link="car_17bOut" start_time="01:00:00" end_time="08:54:00" >
			</activity>
			<leg mode="pt">
			</leg>
			<activity type="work" x="2010.0" y="990.0" link="car_3" end_time="16:54:00" >
			</activity>
			<leg mode="pt">
			</leg>
			<activity type="home" x="-10.0" y="1410.0" link="car_17bOut" >
			</activity>
		</plan>

	</person>

<!-- ====================================================================== -->

	<person id="535">
		<plan selected="yes">
			<activity type="home" x="-10.0" y="1410.0" link="car_17bOut" start_time="01:00:00" end_time="08:55:00" >
			</activity>
			<leg mode="pt">
			</leg>
			<activity type="work" x="2010.0" y="990.0" link="car_3" end_time="16:55:00" >
			</activity>
			<leg mode="pt">
			</leg>
			<activity type="home" x="-10.0" y="1410.0" link="car_17bOut" >
			</activity>
		</plan>

	</person>

<!-- ====================================================================== -->

	<person id="536">
		<plan selected="yes">
			<activity type="home" x="-10.0" y="1410.0" link="car_17bOut" start_time="01:00:00" end_time="08:56:00" >
			</activity>
			<leg mode="pt">
			</leg>
			<activity type="work" x="2010.0" y="990.0" link="car_3" end_time="16:56:00" >
			</activity>
			<leg mode="pt">
			</leg>
			<activity type="home" x="-10.0" y="1410.0" link="car_17bOut" >
			</activity>
		</plan>

	</person>

<!-- ====================================================================== -->

	<person id="537">
		<plan selected="yes">
			<activity type="home" x="-10.0" y="1410.0" link="car_17bOut" start_time="01:00:00" end_time="08:57:00" >
			</activity>
			<leg mode="pt">
			</leg>
			<activity type="work" x="2010.0" y="990.0" link="car_3" end_time="16:57:00" >
			</activity>
			<leg mode="pt">
			</leg>
			<activity type="home" x="-10.0" y="1410.0" link="car_17bOut" >
			</activity>
		</plan>

	</person>

<!-- ====================================================================== -->

	<person id="538">
		<plan selected="yes">
			<activity type="home" x="-10.0" y="1410.0" link="car_17bOut" start_time="01:00:00" end_time="08:58:00" >
			</activity>
			<leg mode="pt">
			</leg>
			<activity type="work" x="2010.0" y="990.0" link="car_3" end_time="16:58:00" >
			</activity>
			<leg mode="pt">
			</leg>
			<activity type="home" x="-10.0" y="1410.0" link="car_17bOut" >
			</activity>
		</plan>

	</person>

<!-- ====================================================================== -->

	<person id="539">
		<plan selected="yes">
			<activity type="home" x="-10.0" y="1410.0" link="car_17bOut" start_time="01:00:00" end_time="08:59:00" >
			</activity>
			<leg mode="pt">
			</leg>
			<activity type="work" x="2010.0" y="990.0" link="car_3" end_time="16:59:00" >
			</activity>
			<leg mode="pt">
			</leg>
			<activity type="home" x="-10.0" y="1410.0" link="car_17bOut" >
			</activity>
		</plan>

	</person>

<!-- ====================================================================== -->

</population>
