<?xml version="1.0" encoding="UTF-8"?>
<!DOCTYPE transitSchedule SYSTEM "http://www.matsim.org/files/dtd/transitSchedule_v2.dtd">

<transitSchedule>

	<transitStops>
		<stopFacility id="0" x="0.0" y="0.0" linkRefId="pt0" isBlocking="false"/>
		<stopFacility id="0.1" x="0.0" y="0.0" linkRefId="pt5" stopAreaId="0" isBlocking="false"/>
		<stopFacility id="2" x="2000.0" y="0.0" linkRefId="pt2" isBlocking="false"/>
		<stopFacility id="2.1" x="2000.0" y="0.0" linkRefId="pt3" stopAreaId="2" isBlocking="false"/>
		<stopFacility id="3" x="0.0" y="1000.0" linkRefId="pt6c" isBlocking="false"/>
		<stopFacility id="3.1" x="0.0" y="1000.0" linkRefId="pt11" stopAreaId="3" isBlocking="false"/>
		<stopFacility id="4" x="1000.0" y="1000.0" linkRefId="pt1" isBlocking="false"/>
		<stopFacility id="4.1" x="1000.0" y="1000.0" linkRefId="pt4" stopAreaId="4" isBlocking="false"/>
		<stopFacility id="4.2" x="1000.0" y="1000.0" linkRefId="pt7" stopAreaId="4" isBlocking="false"/>
		<stopFacility id="4.3" x="1000.0" y="1000.0" linkRefId="pt10" stopAreaId="4" isBlocking="false"/>
		<stopFacility id="5" x="2000.0" y="1000.0" linkRefId="pt8" isBlocking="false"/>
		<stopFacility id="5.1" x="2000.0" y="1000.0" linkRefId="pt9" stopAreaId="5" isBlocking="false"/>
	</transitStops>
	<transitLine id="1">
		<transitRoute id="042">
			<transportMode>pt</transportMode>
			<routeProfile>
				<stop refId="0" arrivalOffset="00:00:00" departureOffset="00:01:00" awaitDeparture="true"/>
				<stop refId="4" arrivalOffset="00:04:00" departureOffset="00:05:30" awaitDeparture="true"/>
				<stop refId="5" arrivalOffset="00:08:30" departureOffset="00:09:00" awaitDeparture="true"/>
			</routeProfile>
			<route>
				<link refId="pt0"/>
				<link refId="pt1"/>
				<link refId="pt8"/>
			</route>
			<departures>
<!--				<departure id="1000" departureTime="00:00:00" vehicleRefId="tr_0"/>-->
<!--				<departure id="1001" departureTime="00:10:00" vehicleRefId="tr_1"/>-->
<!--				<departure id="1002" departureTime="00:20:00" vehicleRefId="tr_2"/>-->
<!--				<departure id="1003" departureTime="00:30:00" vehicleRefId="tr_3"/>-->
<!--				<departure id="1004" departureTime="00:40:00" vehicleRefId="tr_4"/>-->
<!--				<departure id="1005" departureTime="00:50:00" vehicleRefId="tr_5"/>-->
<!--				<departure id="1006" departureTime="01:00:00" vehicleRefId="tr_6"/>-->
<!--				<departure id="1007" departureTime="01:10:00" vehicleRefId="tr_7"/>-->
<!--				<departure id="1008" departureTime="01:20:00" vehicleRefId="tr_8"/>-->
<!--				<departure id="1009" departureTime="01:30:00" vehicleRefId="tr_9"/>-->
<!--				<departure id="1010" departureTime="01:40:00" vehicleRefId="tr_10"/>-->
<!--				<departure id="1011" departureTime="01:50:00" vehicleRefId="tr_11"/>-->
<!--				<departure id="1012" departureTime="02:00:00" vehicleRefId="tr_12"/>-->
<!--				<departure id="1013" departureTime="02:10:00" vehicleRefId="tr_13"/>-->
<!--				<departure id="1014" departureTime="02:20:00" vehicleRefId="tr_14"/>-->
<!--				<departure id="1015" departureTime="02:30:00" vehicleRefId="tr_15"/>-->
<!--				<departure id="1016" departureTime="02:40:00" vehicleRefId="tr_16"/>-->
<!--				<departure id="1017" departureTime="02:50:00" vehicleRefId="tr_17"/>-->
<!--				<departure id="1018" departureTime="03:00:00" vehicleRefId="tr_18"/>-->
<!--				<departure id="1019" departureTime="03:10:00" vehicleRefId="tr_19"/>-->
<!--				<departure id="1020" departureTime="03:20:00" vehicleRefId="tr_20"/>-->
<!--				<departure id="1021" departureTime="03:30:00" vehicleRefId="tr_21"/>-->
<!--				<departure id="1022" departureTime="03:40:00" vehicleRefId="tr_22"/>-->
<!--				<departure id="1023" departureTime="03:50:00" vehicleRefId="tr_23"/>-->
<!--				<departure id="1024" departureTime="04:00:00" vehicleRefId="tr_24"/>-->
<!--				<departure id="1025" departureTime="04:10:00" vehicleRefId="tr_25"/>-->
<!--				<departure id="1026" departureTime="04:20:00" vehicleRefId="tr_26"/>-->
<!--				<departure id="1027" departureTime="04:30:00" vehicleRefId="tr_27"/>-->
<!--				<departure id="1028" departureTime="04:40:00" vehicleRefId="tr_28"/>-->
<!--				<departure id="1029" departureTime="04:50:00" vehicleRefId="tr_29"/>-->
<!--				<departure id="1030" departureTime="05:00:00" vehicleRefId="tr_30"/>-->
<!--				<departure id="1031" departureTime="05:10:00" vehicleRefId="tr_31"/>-->
<!--				<departure id="1032" departureTime="05:20:00" vehicleRefId="tr_32"/>-->
<!--				<departure id="1033" departureTime="05:30:00" vehicleRefId="tr_33"/>-->
<!--				<departure id="1034" departureTime="05:40:00" vehicleRefId="tr_34"/>-->
<!--				<departure id="1035" departureTime="05:50:00" vehicleRefId="tr_35"/>-->
<!--				<departure id="1036" departureTime="06:00:00" vehicleRefId="tr_36"/>-->
<!--				<departure id="1037" departureTime="06:10:00" vehicleRefId="tr_37"/>-->
<!--				<departure id="1038" departureTime="06:20:00" vehicleRefId="tr_38"/>-->
<!--				<departure id="1039" departureTime="06:30:00" vehicleRefId="tr_39"/>-->
<!--				<departure id="1040" departureTime="06:40:00" vehicleRefId="tr_40"/>-->
<!--				<departure id="1041" departureTime="06:50:00" vehicleRefId="tr_41"/>-->
<!--				<departure id="1042" departureTime="07:00:00" vehicleRefId="tr_42"/>-->
				<departure id="1043" departureTime="07:10:00" vehicleRefId="tr_43"/>
				<departure id="1044" departureTime="07:20:00" vehicleRefId="tr_44"/>
				<departure id="1045" departureTime="07:30:00" vehicleRefId="tr_45"/>
				<departure id="1046" departureTime="07:40:00" vehicleRefId="tr_46"/>
				<departure id="1047" departureTime="07:50:00" vehicleRefId="tr_47"/>
				<departure id="1048" departureTime="08:00:00" vehicleRefId="tr_48"/>
				<departure id="1049" departureTime="08:10:00" vehicleRefId="tr_49"/>
				<departure id="1050" departureTime="08:20:00" vehicleRefId="tr_50"/>
				<departure id="1051" departureTime="08:30:00" vehicleRefId="tr_51"/>
				<departure id="1052" departureTime="08:40:00" vehicleRefId="tr_52"/>
				<departure id="1053" departureTime="08:50:00" vehicleRefId="tr_53"/>
				<departure id="1054" departureTime="09:00:00" vehicleRefId="tr_54"/>
				<departure id="1055" departureTime="09:10:00" vehicleRefId="tr_55"/>
				<departure id="1056" departureTime="09:20:00" vehicleRefId="tr_56"/>
				<departure id="1057" departureTime="09:30:00" vehicleRefId="tr_57"/>
				<departure id="1058" departureTime="09:40:00" vehicleRefId="tr_58"/>
				<departure id="1059" departureTime="09:50:00" vehicleRefId="tr_59"/>
				<departure id="1060" departureTime="10:00:00" vehicleRefId="tr_60"/>
				<departure id="1061" departureTime="10:10:00" vehicleRefId="tr_61"/>
				<departure id="1062" departureTime="10:20:00" vehicleRefId="tr_62"/>
				<departure id="1063" departureTime="10:30:00" vehicleRefId="tr_63"/>
				<departure id="1064" departureTime="10:40:00" vehicleRefId="tr_64"/>
				<departure id="1065" departureTime="10:50:00" vehicleRefId="tr_65"/>
				<departure id="1066" departureTime="11:00:00" vehicleRefId="tr_66"/>
				<departure id="1067" departureTime="11:10:00" vehicleRefId="tr_67"/>
				<departure id="1068" departureTime="11:20:00" vehicleRefId="tr_68"/>
				<departure id="1069" departureTime="11:30:00" vehicleRefId="tr_69"/>
				<departure id="1070" departureTime="11:40:00" vehicleRefId="tr_70"/>
				<departure id="1071" departureTime="11:50:00" vehicleRefId="tr_71"/>
				<departure id="1072" departureTime="12:00:00" vehicleRefId="tr_72"/>
				<departure id="1073" departureTime="12:10:00" vehicleRefId="tr_73"/>
				<departure id="1074" departureTime="12:20:00" vehicleRefId="tr_74"/>
				<departure id="1075" departureTime="12:30:00" vehicleRefId="tr_75"/>
				<departure id="1076" departureTime="12:40:00" vehicleRefId="tr_76"/>
				<departure id="1077" departureTime="12:50:00" vehicleRefId="tr_77"/>
				<departure id="1078" departureTime="13:00:00" vehicleRefId="tr_78"/>
				<departure id="1079" departureTime="13:10:00" vehicleRefId="tr_79"/>
				<departure id="1080" departureTime="13:20:00" vehicleRefId="tr_80"/>
				<departure id="1081" departureTime="13:30:00" vehicleRefId="tr_81"/>
				<departure id="1082" departureTime="13:40:00" vehicleRefId="tr_82"/>
				<departure id="1083" departureTime="13:50:00" vehicleRefId="tr_83"/>
				<departure id="1084" departureTime="14:00:00" vehicleRefId="tr_84"/>
				<departure id="1085" departureTime="14:10:00" vehicleRefId="tr_85"/>
				<departure id="1086" departureTime="14:20:00" vehicleRefId="tr_86"/>
				<departure id="1087" departureTime="14:30:00" vehicleRefId="tr_87"/>
				<departure id="1088" departureTime="14:40:00" vehicleRefId="tr_88"/>
				<departure id="1089" departureTime="14:50:00" vehicleRefId="tr_89"/>
				<departure id="1090" departureTime="15:00:00" vehicleRefId="tr_90"/>
				<departure id="1091" departureTime="15:10:00" vehicleRefId="tr_91"/>
				<departure id="1092" departureTime="15:20:00" vehicleRefId="tr_92"/>
				<departure id="1093" departureTime="15:30:00" vehicleRefId="tr_93"/>
				<departure id="1094" departureTime="15:40:00" vehicleRefId="tr_94"/>
				<departure id="1095" departureTime="15:50:00" vehicleRefId="tr_95"/>
				<departure id="1096" departureTime="16:00:00" vehicleRefId="tr_96"/>
				<departure id="1097" departureTime="16:10:00" vehicleRefId="tr_97"/>
				<departure id="1098" departureTime="16:20:00" vehicleRefId="tr_98"/>
				<departure id="1099" departureTime="16:30:00" vehicleRefId="tr_99"/>
				<departure id="1100" departureTime="16:40:00" vehicleRefId="tr_100"/>
				<departure id="1101" departureTime="16:50:00" vehicleRefId="tr_101"/>
				<departure id="1102" departureTime="17:00:00" vehicleRefId="tr_102"/>
				<departure id="1103" departureTime="17:10:00" vehicleRefId="tr_103"/>
				<departure id="1104" departureTime="17:20:00" vehicleRefId="tr_104"/>
				<departure id="1105" departureTime="17:30:00" vehicleRefId="tr_105"/>
				<departure id="1106" departureTime="17:40:00" vehicleRefId="tr_106"/>
				<departure id="1107" departureTime="17:50:00" vehicleRefId="tr_107"/>
				<departure id="1108" departureTime="18:00:00" vehicleRefId="tr_108"/>
				<departure id="1109" departureTime="18:10:00" vehicleRefId="tr_109"/>
				<departure id="1110" departureTime="18:20:00" vehicleRefId="tr_110"/>
				<departure id="1111" departureTime="18:30:00" vehicleRefId="tr_111"/>
				<departure id="1112" departureTime="18:40:00" vehicleRefId="tr_112"/>
				<departure id="1113" departureTime="18:50:00" vehicleRefId="tr_113"/>
				<departure id="1114" departureTime="19:00:00" vehicleRefId="tr_114"/>
				<departure id="1115" departureTime="19:10:00" vehicleRefId="tr_115"/>
				<departure id="1116" departureTime="19:20:00" vehicleRefId="tr_116"/>
				<departure id="1117" departureTime="19:30:00" vehicleRefId="tr_117"/>
				<departure id="1118" departureTime="19:40:00" vehicleRefId="tr_118"/>
				<departure id="1119" departureTime="19:50:00" vehicleRefId="tr_119"/>
				<departure id="1120" departureTime="20:00:00" vehicleRefId="tr_120"/>
				<departure id="1121" departureTime="20:10:00" vehicleRefId="tr_121"/>
				<departure id="1122" departureTime="20:20:00" vehicleRefId="tr_122"/>
				<departure id="1123" departureTime="20:30:00" vehicleRefId="tr_123"/>
				<departure id="1124" departureTime="20:40:00" vehicleRefId="tr_124"/>
				<departure id="1125" departureTime="20:50:00" vehicleRefId="tr_125"/>
				<departure id="1126" departureTime="21:00:00" vehicleRefId="tr_126"/>
				<departure id="1127" departureTime="21:10:00" vehicleRefId="tr_127"/>
				<departure id="1128" departureTime="21:20:00" vehicleRefId="tr_128"/>
				<departure id="1129" departureTime="21:30:00" vehicleRefId="tr_129"/>
				<departure id="1130" departureTime="21:40:00" vehicleRefId="tr_130"/>
				<departure id="1131" departureTime="21:50:00" vehicleRefId="tr_131"/>
				<departure id="1132" departureTime="22:00:00" vehicleRefId="tr_132"/>
				<departure id="1133" departureTime="22:10:00" vehicleRefId="tr_133"/>
				<departure id="1134" departureTime="22:20:00" vehicleRefId="tr_134"/>
				<departure id="1135" departureTime="22:30:00" vehicleRefId="tr_135"/>
				<departure id="1136" departureTime="22:40:00" vehicleRefId="tr_136"/>
				<departure id="1137" departureTime="22:50:00" vehicleRefId="tr_137"/>
				<departure id="1138" departureTime="23:00:00" vehicleRefId="tr_138"/>
				<departure id="1139" departureTime="23:10:00" vehicleRefId="tr_139"/>
				<departure id="1140" departureTime="23:20:00" vehicleRefId="tr_140"/>
				<departure id="1141" departureTime="23:30:00" vehicleRefId="tr_141"/>
				<departure id="1142" departureTime="23:40:00" vehicleRefId="tr_142"/>
				<departure id="1143" departureTime="23:50:00" vehicleRefId="tr_143"/>
			</departures>
		</transitRoute>
<!--		<transitRoute id="240">-->
<!--			<transportMode>pt</transportMode>-->
<!--			<routeProfile>-->
<!--				<stop refId="2.1" arrivalOffset="00:00:00" departureOffset="00:01:00" awaitDeparture="true"/>-->
<!--				<stop refId="4.1" arrivalOffset="00:04:00" departureOffset="00:05:00" awaitDeparture="true"/>-->
<!--				<stop refId="0.1" arrivalOffset="00:08:00" departureOffset="00:09:00" awaitDeparture="true"/>-->
<!--			</routeProfile>-->
<!--			<route>-->
<!--				<link refId="pt3"/>-->
<!--				<link refId="pt4"/>-->
<!--				<link refId="pt5"/>-->
<!--			</route>-->
<!--			<departures>-->
<!--				<departure id="1144" departureTime="00:00:00" vehicleRefId="tr_144"/>-->
<!--				<departure id="1145" departureTime="00:10:00" vehicleRefId="tr_145"/>-->
<!--				<departure id="1146" departureTime="00:20:00" vehicleRefId="tr_146"/>-->
<!--				<departure id="1147" departureTime="00:30:00" vehicleRefId="tr_147"/>-->
<!--				<departure id="1148" departureTime="00:40:00" vehicleRefId="tr_148"/>-->
<!--				<departure id="1149" departureTime="00:50:00" vehicleRefId="tr_149"/>-->
<!--				<departure id="1150" departureTime="01:00:00" vehicleRefId="tr_150"/>-->
<!--				<departure id="1151" departureTime="01:10:00" vehicleRefId="tr_151"/>-->
<!--				<departure id="1152" departureTime="01:20:00" vehicleRefId="tr_152"/>-->
<!--				<departure id="1153" departureTime="01:30:00" vehicleRefId="tr_153"/>-->
<!--				<departure id="1154" departureTime="01:40:00" vehicleRefId="tr_154"/>-->
<!--				<departure id="1155" departureTime="01:50:00" vehicleRefId="tr_155"/>-->
<!--				<departure id="1156" departureTime="02:00:00" vehicleRefId="tr_156"/>-->
<!--				<departure id="1157" departureTime="02:10:00" vehicleRefId="tr_157"/>-->
<!--				<departure id="1158" departureTime="02:20:00" vehicleRefId="tr_158"/>-->
<!--				<departure id="1159" departureTime="02:30:00" vehicleRefId="tr_159"/>-->
<!--				<departure id="1160" departureTime="02:40:00" vehicleRefId="tr_160"/>-->
<!--				<departure id="1161" departureTime="02:50:00" vehicleRefId="tr_161"/>-->
<!--				<departure id="1162" departureTime="03:00:00" vehicleRefId="tr_162"/>-->
<!--				<departure id="1163" departureTime="03:10:00" vehicleRefId="tr_163"/>-->
<!--				<departure id="1164" departureTime="03:20:00" vehicleRefId="tr_164"/>-->
<!--				<departure id="1165" departureTime="03:30:00" vehicleRefId="tr_165"/>-->
<!--				<departure id="1166" departureTime="03:40:00" vehicleRefId="tr_166"/>-->
<!--				<departure id="1167" departureTime="03:50:00" vehicleRefId="tr_167"/>-->
<!--				<departure id="1168" departureTime="04:00:00" vehicleRefId="tr_168"/>-->
<!--				<departure id="1169" departureTime="04:10:00" vehicleRefId="tr_169"/>-->
<!--				<departure id="1170" departureTime="04:20:00" vehicleRefId="tr_170"/>-->
<!--				<departure id="1171" departureTime="04:30:00" vehicleRefId="tr_171"/>-->
<!--				<departure id="1172" departureTime="04:40:00" vehicleRefId="tr_172"/>-->
<!--				<departure id="1173" departureTime="04:50:00" vehicleRefId="tr_173"/>-->
<!--				<departure id="1174" departureTime="05:00:00" vehicleRefId="tr_174"/>-->
<!--				<departure id="1175" departureTime="05:10:00" vehicleRefId="tr_175"/>-->
<!--				<departure id="1176" departureTime="05:20:00" vehicleRefId="tr_176"/>-->
<!--				<departure id="1177" departureTime="05:30:00" vehicleRefId="tr_177"/>-->
<!--				<departure id="1178" departureTime="05:40:00" vehicleRefId="tr_178"/>-->
<!--				<departure id="1179" departureTime="05:50:00" vehicleRefId="tr_179"/>-->
<!--				<departure id="1180" departureTime="06:00:00" vehicleRefId="tr_180"/>-->
<!--				<departure id="1181" departureTime="06:10:00" vehicleRefId="tr_181"/>-->
<!--				<departure id="1182" departureTime="06:20:00" vehicleRefId="tr_182"/>-->
<!--				<departure id="1183" departureTime="06:30:00" vehicleRefId="tr_183"/>-->
<!--				<departure id="1184" departureTime="06:40:00" vehicleRefId="tr_184"/>-->
<!--				<departure id="1185" departureTime="06:50:00" vehicleRefId="tr_185"/>-->
<!--				<departure id="1186" departureTime="07:00:00" vehicleRefId="tr_186"/>-->
<!--				<departure id="1187" departureTime="07:10:00" vehicleRefId="tr_187"/>-->
<!--				<departure id="1188" departureTime="07:20:00" vehicleRefId="tr_188"/>-->
<!--				<departure id="1189" departureTime="07:30:00" vehicleRefId="tr_189"/>-->
<!--				<departure id="1190" departureTime="07:40:00" vehicleRefId="tr_190"/>-->
<!--				<departure id="1191" departureTime="07:50:00" vehicleRefId="tr_191"/>-->
<!--				<departure id="1192" departureTime="08:00:00" vehicleRefId="tr_192"/>-->
<!--				<departure id="1193" departureTime="08:10:00" vehicleRefId="tr_193"/>-->
<!--				<departure id="1194" departureTime="08:20:00" vehicleRefId="tr_194"/>-->
<!--				<departure id="1195" departureTime="08:30:00" vehicleRefId="tr_195"/>-->
<!--				<departure id="1196" departureTime="08:40:00" vehicleRefId="tr_196"/>-->
<!--				<departure id="1197" departureTime="08:50:00" vehicleRefId="tr_197"/>-->
<!--				<departure id="1198" departureTime="09:00:00" vehicleRefId="tr_198"/>-->
<!--				<departure id="1199" departureTime="09:10:00" vehicleRefId="tr_199"/>-->
<!--				<departure id="1200" departureTime="09:20:00" vehicleRefId="tr_200"/>-->
<!--				<departure id="1201" departureTime="09:30:00" vehicleRefId="tr_201"/>-->
<!--				<departure id="1202" departureTime="09:40:00" vehicleRefId="tr_202"/>-->
<!--				<departure id="1203" departureTime="09:50:00" vehicleRefId="tr_203"/>-->
<!--				<departure id="1204" departureTime="10:00:00" vehicleRefId="tr_204"/>-->
<!--				<departure id="1205" departureTime="10:10:00" vehicleRefId="tr_205"/>-->
<!--				<departure id="1206" departureTime="10:20:00" vehicleRefId="tr_206"/>-->
<!--				<departure id="1207" departureTime="10:30:00" vehicleRefId="tr_207"/>-->
<!--				<departure id="1208" departureTime="10:40:00" vehicleRefId="tr_208"/>-->
<!--				<departure id="1209" departureTime="10:50:00" vehicleRefId="tr_209"/>-->
<!--				<departure id="1210" departureTime="11:00:00" vehicleRefId="tr_210"/>-->
<!--				<departure id="1211" departureTime="11:10:00" vehicleRefId="tr_211"/>-->
<!--				<departure id="1212" departureTime="11:20:00" vehicleRefId="tr_212"/>-->
<!--				<departure id="1213" departureTime="11:30:00" vehicleRefId="tr_213"/>-->
<!--				<departure id="1214" departureTime="11:40:00" vehicleRefId="tr_214"/>-->
<!--				<departure id="1215" departureTime="11:50:00" vehicleRefId="tr_215"/>-->
<!--				<departure id="1216" departureTime="12:00:00" vehicleRefId="tr_216"/>-->
<!--				<departure id="1217" departureTime="12:10:00" vehicleRefId="tr_217"/>-->
<!--				<departure id="1218" departureTime="12:20:00" vehicleRefId="tr_218"/>-->
<!--				<departure id="1219" departureTime="12:30:00" vehicleRefId="tr_219"/>-->
<!--				<departure id="1220" departureTime="12:40:00" vehicleRefId="tr_220"/>-->
<!--				<departure id="1221" departureTime="12:50:00" vehicleRefId="tr_221"/>-->
<!--				<departure id="1222" departureTime="13:00:00" vehicleRefId="tr_222"/>-->
<!--				<departure id="1223" departureTime="13:10:00" vehicleRefId="tr_223"/>-->
<!--				<departure id="1224" departureTime="13:20:00" vehicleRefId="tr_224"/>-->
<!--				<departure id="1225" departureTime="13:30:00" vehicleRefId="tr_225"/>-->
<!--				<departure id="1226" departureTime="13:40:00" vehicleRefId="tr_226"/>-->
<!--				<departure id="1227" departureTime="13:50:00" vehicleRefId="tr_227"/>-->
<!--				<departure id="1228" departureTime="14:00:00" vehicleRefId="tr_228"/>-->
<!--				<departure id="1229" departureTime="14:10:00" vehicleRefId="tr_229"/>-->
<!--				<departure id="1230" departureTime="14:20:00" vehicleRefId="tr_230"/>-->
<!--				<departure id="1231" departureTime="14:30:00" vehicleRefId="tr_231"/>-->
<!--				<departure id="1232" departureTime="14:40:00" vehicleRefId="tr_232"/>-->
<!--				<departure id="1233" departureTime="14:50:00" vehicleRefId="tr_233"/>-->
<!--				<departure id="1234" departureTime="15:00:00" vehicleRefId="tr_234"/>-->
<!--				<departure id="1235" departureTime="15:10:00" vehicleRefId="tr_235"/>-->
<!--				<departure id="1236" departureTime="15:20:00" vehicleRefId="tr_236"/>-->
<!--				<departure id="1237" departureTime="15:30:00" vehicleRefId="tr_237"/>-->
<!--				<departure id="1238" departureTime="15:40:00" vehicleRefId="tr_238"/>-->
<!--				<departure id="1239" departureTime="15:50:00" vehicleRefId="tr_239"/>-->
<!--				<departure id="1240" departureTime="16:00:00" vehicleRefId="tr_240"/>-->
<!--				<departure id="1241" departureTime="16:10:00" vehicleRefId="tr_241"/>-->
<!--				<departure id="1242" departureTime="16:20:00" vehicleRefId="tr_242"/>-->
<!--				<departure id="1243" departureTime="16:30:00" vehicleRefId="tr_243"/>-->
<!--				<departure id="1244" departureTime="16:40:00" vehicleRefId="tr_244"/>-->
<!--				<departure id="1245" departureTime="16:50:00" vehicleRefId="tr_245"/>-->
<!--				<departure id="1246" departureTime="17:00:00" vehicleRefId="tr_246"/>-->
<!--				<departure id="1247" departureTime="17:10:00" vehicleRefId="tr_247"/>-->
<!--				<departure id="1248" departureTime="17:20:00" vehicleRefId="tr_248"/>-->
<!--				<departure id="1249" departureTime="17:30:00" vehicleRefId="tr_249"/>-->
<!--				<departure id="1250" departureTime="17:40:00" vehicleRefId="tr_250"/>-->
<!--				<departure id="1251" departureTime="17:50:00" vehicleRefId="tr_251"/>-->
<!--				<departure id="1252" departureTime="18:00:00" vehicleRefId="tr_252"/>-->
<!--				<departure id="1253" departureTime="18:10:00" vehicleRefId="tr_253"/>-->
<!--				<departure id="1254" departureTime="18:20:00" vehicleRefId="tr_254"/>-->
<!--				<departure id="1255" departureTime="18:30:00" vehicleRefId="tr_255"/>-->
<!--				<departure id="1256" departureTime="18:40:00" vehicleRefId="tr_256"/>-->
<!--				<departure id="1257" departureTime="18:50:00" vehicleRefId="tr_257"/>-->
<!--				<departure id="1258" departureTime="19:00:00" vehicleRefId="tr_258"/>-->
<!--				<departure id="1259" departureTime="19:10:00" vehicleRefId="tr_259"/>-->
<!--				<departure id="1260" departureTime="19:20:00" vehicleRefId="tr_260"/>-->
<!--				<departure id="1261" departureTime="19:30:00" vehicleRefId="tr_261"/>-->
<!--				<departure id="1262" departureTime="19:40:00" vehicleRefId="tr_262"/>-->
<!--				<departure id="1263" departureTime="19:50:00" vehicleRefId="tr_263"/>-->
<!--				<departure id="1264" departureTime="20:00:00" vehicleRefId="tr_264"/>-->
<!--				<departure id="1265" departureTime="20:10:00" vehicleRefId="tr_265"/>-->
<!--				<departure id="1266" departureTime="20:20:00" vehicleRefId="tr_266"/>-->
<!--				<departure id="1267" departureTime="20:30:00" vehicleRefId="tr_267"/>-->
<!--				<departure id="1268" departureTime="20:40:00" vehicleRefId="tr_268"/>-->
<!--				<departure id="1269" departureTime="20:50:00" vehicleRefId="tr_269"/>-->
<!--				<departure id="1270" departureTime="21:00:00" vehicleRefId="tr_270"/>-->
<!--				<departure id="1271" departureTime="21:10:00" vehicleRefId="tr_271"/>-->
<!--				<departure id="1272" departureTime="21:20:00" vehicleRefId="tr_272"/>-->
<!--				<departure id="1273" departureTime="21:30:00" vehicleRefId="tr_273"/>-->
<!--				<departure id="1274" departureTime="21:40:00" vehicleRefId="tr_274"/>-->
<!--				<departure id="1275" departureTime="21:50:00" vehicleRefId="tr_275"/>-->
<!--				<departure id="1276" departureTime="22:00:00" vehicleRefId="tr_276"/>-->
<!--				<departure id="1277" departureTime="22:10:00" vehicleRefId="tr_277"/>-->
<!--				<departure id="1278" departureTime="22:20:00" vehicleRefId="tr_278"/>-->
<!--				<departure id="1279" departureTime="22:30:00" vehicleRefId="tr_279"/>-->
<!--				<departure id="1280" departureTime="22:40:00" vehicleRefId="tr_280"/>-->
<!--				<departure id="1281" departureTime="22:50:00" vehicleRefId="tr_281"/>-->
<!--				<departure id="1282" departureTime="23:00:00" vehicleRefId="tr_282"/>-->
<!--				<departure id="1283" departureTime="23:10:00" vehicleRefId="tr_283"/>-->
<!--				<departure id="1284" departureTime="23:20:00" vehicleRefId="tr_284"/>-->
<!--				<departure id="1285" departureTime="23:30:00" vehicleRefId="tr_285"/>-->
<!--				<departure id="1286" departureTime="23:40:00" vehicleRefId="tr_286"/>-->
<!--				<departure id="1287" departureTime="23:50:00" vehicleRefId="tr_287"/>-->
<!--			</departures>-->
<!--		</transitRoute>-->
	</transitLine>
	<transitLine id="2">
		<transitRoute id="345">
			<transportMode>pt</transportMode>
			<routeProfile>
				<stop refId="3" arrivalOffset="00:00:00" departureOffset="00:01:00" awaitDeparture="true"/>
				<stop refId="4.2" arrivalOffset="00:04:00" departureOffset="00:05:00" awaitDeparture="true"/>
				<stop refId="5" arrivalOffset="00:08:00" departureOffset="00:09:00" awaitDeparture="true"/>
			</routeProfile>
			<route>
				<link refId="pt6"/>
				<link refId="pt6b"/>
				<link refId="pt6c"/>
				<link refId="pt7"/>
				<link refId="pt8"/>
			</route>
			<departures>
<!--				<departure id="1288" departureTime="00:00:00" vehicleRefId="tr_288"/>-->
<!--				<departure id="1289" departureTime="00:10:00" vehicleRefId="tr_289"/>-->
<!--				<departure id="1290" departureTime="00:20:00" vehicleRefId="tr_290"/>-->
<!--				<departure id="1291" departureTime="00:30:00" vehicleRefId="tr_291"/>-->
<!--				<departure id="1292" departureTime="00:40:00" vehicleRefId="tr_292"/>-->
<!--				<departure id="1293" departureTime="00:50:00" vehicleRefId="tr_293"/>-->
<!--				<departure id="1294" departureTime="01:00:00" vehicleRefId="tr_294"/>-->
<!--				<departure id="1295" departureTime="01:10:00" vehicleRefId="tr_295"/>-->
<!--				<departure id="1296" departureTime="01:20:00" vehicleRefId="tr_296"/>-->
<!--				<departure id="1297" departureTime="01:30:00" vehicleRefId="tr_297"/>-->
<!--				<departure id="1298" departureTime="01:40:00" vehicleRefId="tr_298"/>-->
<!--				<departure id="1299" departureTime="01:50:00" vehicleRefId="tr_299"/>-->
<!--				<departure id="1300" departureTime="02:00:00" vehicleRefId="tr_300"/>-->
<!--				<departure id="1301" departureTime="02:10:00" vehicleRefId="tr_301"/>-->
<!--				<departure id="1302" departureTime="02:20:00" vehicleRefId="tr_302"/>-->
<!--				<departure id="1303" departureTime="02:30:00" vehicleRefId="tr_303"/>-->
<!--				<departure id="1304" departureTime="02:40:00" vehicleRefId="tr_304"/>-->
<!--				<departure id="1305" departureTime="02:50:00" vehicleRefId="tr_305"/>-->
<!--				<departure id="1306" departureTime="03:00:00" vehicleRefId="tr_306"/>-->
<!--				<departure id="1307" departureTime="03:10:00" vehicleRefId="tr_307"/>-->
<!--				<departure id="1308" departureTime="03:20:00" vehicleRefId="tr_308"/>-->
<!--				<departure id="1309" departureTime="03:30:00" vehicleRefId="tr_309"/>-->
<!--				<departure id="1310" departureTime="03:40:00" vehicleRefId="tr_310"/>-->
<!--				<departure id="1311" departureTime="03:50:00" vehicleRefId="tr_311"/>-->
<!--				<departure id="1312" departureTime="04:00:00" vehicleRefId="tr_312"/>-->
<!--				<departure id="1313" departureTime="04:10:00" vehicleRefId="tr_313"/>-->
<!--				<departure id="1314" departureTime="04:20:00" vehicleRefId="tr_314"/>-->
<!--				<departure id="1315" departureTime="04:30:00" vehicleRefId="tr_315"/>-->
<!--				<departure id="1316" departureTime="04:40:00" vehicleRefId="tr_316"/>-->
<!--				<departure id="1317" departureTime="04:50:00" vehicleRefId="tr_317"/>-->
<!--				<departure id="1318" departureTime="05:00:00" vehicleRefId="tr_318"/>-->
<!--				<departure id="1319" departureTime="05:10:00" vehicleRefId="tr_319"/>-->
<!--				<departure id="1320" departureTime="05:20:00" vehicleRefId="tr_320"/>-->
<!--				<departure id="1321" departureTime="05:30:00" vehicleRefId="tr_321"/>-->
<!--				<departure id="1322" departureTime="05:40:00" vehicleRefId="tr_322"/>-->
<!--				<departure id="1323" departureTime="05:50:00" vehicleRefId="tr_323"/>-->
<!--				<departure id="1324" departureTime="06:00:00" vehicleRefId="tr_324"/>-->
<!--				<departure id="1325" departureTime="06:10:00" vehicleRefId="tr_325"/>-->
<!--				<departure id="1326" departureTime="06:20:00" vehicleRefId="tr_326"/>-->
<!--				<departure id="1327" departureTime="06:30:00" vehicleRefId="tr_327"/>-->
<!--				<departure id="1328" departureTime="06:40:00" vehicleRefId="tr_328"/>-->
<!--				<departure id="1329" departureTime="06:50:00" vehicleRefId="tr_329"/>-->
<!--				<departure id="1330" departureTime="07:00:00" vehicleRefId="tr_330"/>-->
				<departure id="1331" departureTime="07:10:00" vehicleRefId="tr_331"/>
				<departure id="1332" departureTime="07:20:00" vehicleRefId="tr_332"/>
				<departure id="1333" departureTime="07:30:00" vehicleRefId="tr_333"/>
				<departure id="1334" departureTime="07:40:00" vehicleRefId="tr_334"/>
				<departure id="1335" departureTime="07:50:00" vehicleRefId="tr_335"/>
				<departure id="1336" departureTime="08:00:00" vehicleRefId="tr_336"/>
				<departure id="1337" departureTime="08:10:00" vehicleRefId="tr_337"/>
				<departure id="1338" departureTime="08:20:00" vehicleRefId="tr_338"/>
				<departure id="1339" departureTime="08:30:00" vehicleRefId="tr_339"/>
				<departure id="1340" departureTime="08:40:00" vehicleRefId="tr_340"/>
				<departure id="1341" departureTime="08:50:00" vehicleRefId="tr_341"/>
				<departure id="1342" departureTime="09:00:00" vehicleRefId="tr_342"/>
				<departure id="1343" departureTime="09:10:00" vehicleRefId="tr_343"/>
				<departure id="1344" departureTime="09:20:00" vehicleRefId="tr_344"/>
				<departure id="1345" departureTime="09:30:00" vehicleRefId="tr_345"/>
				<departure id="1346" departureTime="09:40:00" vehicleRefId="tr_346"/>
				<departure id="1347" departureTime="09:50:00" vehicleRefId="tr_347"/>
				<departure id="1348" departureTime="10:00:00" vehicleRefId="tr_348"/>
				<departure id="1349" departureTime="10:10:00" vehicleRefId="tr_349"/>
				<departure id="1350" departureTime="10:20:00" vehicleRefId="tr_350"/>
				<departure id="1351" departureTime="10:30:00" vehicleRefId="tr_351"/>
				<departure id="1352" departureTime="10:40:00" vehicleRefId="tr_352"/>
				<departure id="1353" departureTime="10:50:00" vehicleRefId="tr_353"/>
				<departure id="1354" departureTime="11:00:00" vehicleRefId="tr_354"/>
				<departure id="1355" departureTime="11:10:00" vehicleRefId="tr_355"/>
				<departure id="1356" departureTime="11:20:00" vehicleRefId="tr_356"/>
				<departure id="1357" departureTime="11:30:00" vehicleRefId="tr_357"/>
				<departure id="1358" departureTime="11:40:00" vehicleRefId="tr_358"/>
				<departure id="1359" departureTime="11:50:00" vehicleRefId="tr_359"/>
				<departure id="1360" departureTime="12:00:00" vehicleRefId="tr_360"/>
				<departure id="1361" departureTime="12:10:00" vehicleRefId="tr_361"/>
				<departure id="1362" departureTime="12:20:00" vehicleRefId="tr_362"/>
				<departure id="1363" departureTime="12:30:00" vehicleRefId="tr_363"/>
				<departure id="1364" departureTime="12:40:00" vehicleRefId="tr_364"/>
				<departure id="1365" departureTime="12:50:00" vehicleRefId="tr_365"/>
				<departure id="1366" departureTime="13:00:00" vehicleRefId="tr_366"/>
				<departure id="1367" departureTime="13:10:00" vehicleRefId="tr_367"/>
				<departure id="1368" departureTime="13:20:00" vehicleRefId="tr_368"/>
				<departure id="1369" departureTime="13:30:00" vehicleRefId="tr_369"/>
				<departure id="1370" departureTime="13:40:00" vehicleRefId="tr_370"/>
				<departure id="1371" departureTime="13:50:00" vehicleRefId="tr_371"/>
				<departure id="1372" departureTime="14:00:00" vehicleRefId="tr_372"/>
				<departure id="1373" departureTime="14:10:00" vehicleRefId="tr_373"/>
				<departure id="1374" departureTime="14:20:00" vehicleRefId="tr_374"/>
				<departure id="1375" departureTime="14:30:00" vehicleRefId="tr_375"/>
				<departure id="1376" departureTime="14:40:00" vehicleRefId="tr_376"/>
				<departure id="1377" departureTime="14:50:00" vehicleRefId="tr_377"/>
				<departure id="1378" departureTime="15:00:00" vehicleRefId="tr_378"/>
				<departure id="1379" departureTime="15:10:00" vehicleRefId="tr_379"/>
				<departure id="1380" departureTime="15:20:00" vehicleRefId="tr_380"/>
				<departure id="1381" departureTime="15:30:00" vehicleRefId="tr_381"/>
				<departure id="1382" departureTime="15:40:00" vehicleRefId="tr_382"/>
				<departure id="1383" departureTime="15:50:00" vehicleRefId="tr_383"/>
				<departure id="1384" departureTime="16:00:00" vehicleRefId="tr_384"/>
				<departure id="1385" departureTime="16:10:00" vehicleRefId="tr_385"/>
				<departure id="1386" departureTime="16:20:00" vehicleRefId="tr_386"/>
				<departure id="1387" departureTime="16:30:00" vehicleRefId="tr_387"/>
				<departure id="1388" departureTime="16:40:00" vehicleRefId="tr_388"/>
				<departure id="1389" departureTime="16:50:00" vehicleRefId="tr_389"/>
				<departure id="1390" departureTime="17:00:00" vehicleRefId="tr_390"/>
				<departure id="1391" departureTime="17:10:00" vehicleRefId="tr_391"/>
				<departure id="1392" departureTime="17:20:00" vehicleRefId="tr_392"/>
				<departure id="1393" departureTime="17:30:00" vehicleRefId="tr_393"/>
				<departure id="1394" departureTime="17:40:00" vehicleRefId="tr_394"/>
				<departure id="1395" departureTime="17:50:00" vehicleRefId="tr_395"/>
				<departure id="1396" departureTime="18:00:00" vehicleRefId="tr_396"/>
				<departure id="1397" departureTime="18:10:00" vehicleRefId="tr_397"/>
				<departure id="1398" departureTime="18:20:00" vehicleRefId="tr_398"/>
				<departure id="1399" departureTime="18:30:00" vehicleRefId="tr_399"/>
				<departure id="1400" departureTime="18:40:00" vehicleRefId="tr_400"/>
				<departure id="1401" departureTime="18:50:00" vehicleRefId="tr_401"/>
				<departure id="1402" departureTime="19:00:00" vehicleRefId="tr_402"/>
				<departure id="1403" departureTime="19:10:00" vehicleRefId="tr_403"/>
				<departure id="1404" departureTime="19:20:00" vehicleRefId="tr_404"/>
				<departure id="1405" departureTime="19:30:00" vehicleRefId="tr_405"/>
				<departure id="1406" departureTime="19:40:00" vehicleRefId="tr_406"/>
				<departure id="1407" departureTime="19:50:00" vehicleRefId="tr_407"/>
				<departure id="1408" departureTime="20:00:00" vehicleRefId="tr_408"/>
				<departure id="1409" departureTime="20:10:00" vehicleRefId="tr_409"/>
				<departure id="1410" departureTime="20:20:00" vehicleRefId="tr_410"/>
				<departure id="1411" departureTime="20:30:00" vehicleRefId="tr_411"/>
				<departure id="1412" departureTime="20:40:00" vehicleRefId="tr_412"/>
				<departure id="1413" departureTime="20:50:00" vehicleRefId="tr_413"/>
				<departure id="1414" departureTime="21:00:00" vehicleRefId="tr_414"/>
				<departure id="1415" departureTime="21:10:00" vehicleRefId="tr_415"/>
				<departure id="1416" departureTime="21:20:00" vehicleRefId="tr_416"/>
				<departure id="1417" departureTime="21:30:00" vehicleRefId="tr_417"/>
				<departure id="1418" departureTime="21:40:00" vehicleRefId="tr_418"/>
				<departure id="1419" departureTime="21:50:00" vehicleRefId="tr_419"/>
				<departure id="1420" departureTime="22:00:00" vehicleRefId="tr_420"/>
				<departure id="1421" departureTime="22:10:00" vehicleRefId="tr_421"/>
				<departure id="1422" departureTime="22:20:00" vehicleRefId="tr_422"/>
				<departure id="1423" departureTime="22:30:00" vehicleRefId="tr_423"/>
				<departure id="1424" departureTime="22:40:00" vehicleRefId="tr_424"/>
				<departure id="1425" departureTime="22:50:00" vehicleRefId="tr_425"/>
				<departure id="1426" departureTime="23:00:00" vehicleRefId="tr_426"/>
				<departure id="1427" departureTime="23:10:00" vehicleRefId="tr_427"/>
				<departure id="1428" departureTime="23:20:00" vehicleRefId="tr_428"/>
				<departure id="1429" departureTime="23:30:00" vehicleRefId="tr_429"/>
				<departure id="1430" departureTime="23:40:00" vehicleRefId="tr_430"/>
				<departure id="1431" departureTime="23:50:00" vehicleRefId="tr_431"/>
			</departures>
		</transitRoute>
<!--		<transitRoute id="543">-->
<!--			<transportMode>pt</transportMode>-->
<!--			<routeProfile>-->
<!--				<stop refId="5.1" arrivalOffset="00:00:00" departureOffset="00:01:00" awaitDeparture="true"/>-->
<!--				<stop refId="4.3" arrivalOffset="00:04:00" departureOffset="00:05:00" awaitDeparture="true"/>-->
<!--				<stop refId="3.1" arrivalOffset="00:08:00" departureOffset="00:09:00" awaitDeparture="true"/>-->
<!--			</routeProfile>-->
<!--			<route>-->
<!--				<link refId="pt9"/>-->
<!--				<link refId="pt10"/>-->
<!--				<link refId="pt11"/>-->
<!--			</route>-->
<!--			<departures>-->
<!--				<departure id="1432" departureTime="00:00:00" vehicleRefId="tr_432"/>-->
<!--				<departure id="1433" departureTime="00:10:00" vehicleRefId="tr_433"/>-->
<!--				<departure id="1434" departureTime="00:20:00" vehicleRefId="tr_434"/>-->
<!--				<departure id="1435" departureTime="00:30:00" vehicleRefId="tr_435"/>-->
<!--				<departure id="1436" departureTime="00:40:00" vehicleRefId="tr_436"/>-->
<!--				<departure id="1437" departureTime="00:50:00" vehicleRefId="tr_437"/>-->
<!--				<departure id="1438" departureTime="01:00:00" vehicleRefId="tr_438"/>-->
<!--				<departure id="1439" departureTime="01:10:00" vehicleRefId="tr_439"/>-->
<!--				<departure id="1440" departureTime="01:20:00" vehicleRefId="tr_440"/>-->
<!--				<departure id="1441" departureTime="01:30:00" vehicleRefId="tr_441"/>-->
<!--				<departure id="1442" departureTime="01:40:00" vehicleRefId="tr_442"/>-->
<!--				<departure id="1443" departureTime="01:50:00" vehicleRefId="tr_443"/>-->
<!--				<departure id="1444" departureTime="02:00:00" vehicleRefId="tr_444"/>-->
<!--				<departure id="1445" departureTime="02:10:00" vehicleRefId="tr_445"/>-->
<!--				<departure id="1446" departureTime="02:20:00" vehicleRefId="tr_446"/>-->
<!--				<departure id="1447" departureTime="02:30:00" vehicleRefId="tr_447"/>-->
<!--				<departure id="1448" departureTime="02:40:00" vehicleRefId="tr_448"/>-->
<!--				<departure id="1449" departureTime="02:50:00" vehicleRefId="tr_449"/>-->
<!--				<departure id="1450" departureTime="03:00:00" vehicleRefId="tr_450"/>-->
<!--				<departure id="1451" departureTime="03:10:00" vehicleRefId="tr_451"/>-->
<!--				<departure id="1452" departureTime="03:20:00" vehicleRefId="tr_452"/>-->
<!--				<departure id="1453" departureTime="03:30:00" vehicleRefId="tr_453"/>-->
<!--				<departure id="1454" departureTime="03:40:00" vehicleRefId="tr_454"/>-->
<!--				<departure id="1455" departureTime="03:50:00" vehicleRefId="tr_455"/>-->
<!--				<departure id="1456" departureTime="04:00:00" vehicleRefId="tr_456"/>-->
<!--				<departure id="1457" departureTime="04:10:00" vehicleRefId="tr_457"/>-->
<!--				<departure id="1458" departureTime="04:20:00" vehicleRefId="tr_458"/>-->
<!--				<departure id="1459" departureTime="04:30:00" vehicleRefId="tr_459"/>-->
<!--				<departure id="1460" departureTime="04:40:00" vehicleRefId="tr_460"/>-->
<!--				<departure id="1461" departureTime="04:50:00" vehicleRefId="tr_461"/>-->
<!--				<departure id="1462" departureTime="05:00:00" vehicleRefId="tr_462"/>-->
<!--				<departure id="1463" departureTime="05:10:00" vehicleRefId="tr_463"/>-->
<!--				<departure id="1464" departureTime="05:20:00" vehicleRefId="tr_464"/>-->
<!--				<departure id="1465" departureTime="05:30:00" vehicleRefId="tr_465"/>-->
<!--				<departure id="1466" departureTime="05:40:00" vehicleRefId="tr_466"/>-->
<!--				<departure id="1467" departureTime="05:50:00" vehicleRefId="tr_467"/>-->
<!--				<departure id="1468" departureTime="06:00:00" vehicleRefId="tr_468"/>-->
<!--				<departure id="1469" departureTime="06:10:00" vehicleRefId="tr_469"/>-->
<!--				<departure id="1470" departureTime="06:20:00" vehicleRefId="tr_470"/>-->
<!--				<departure id="1471" departureTime="06:30:00" vehicleRefId="tr_471"/>-->
<!--				<departure id="1472" departureTime="06:40:00" vehicleRefId="tr_472"/>-->
<!--				<departure id="1473" departureTime="06:50:00" vehicleRefId="tr_473"/>-->
<!--				<departure id="1474" departureTime="07:00:00" vehicleRefId="tr_474"/>-->
<!--				<departure id="1475" departureTime="07:10:00" vehicleRefId="tr_475"/>-->
<!--				<departure id="1476" departureTime="07:20:00" vehicleRefId="tr_476"/>-->
<!--				<departure id="1477" departureTime="07:30:00" vehicleRefId="tr_477"/>-->
<!--				<departure id="1478" departureTime="07:40:00" vehicleRefId="tr_478"/>-->
<!--				<departure id="1479" departureTime="07:50:00" vehicleRefId="tr_479"/>-->
<!--				<departure id="1480" departureTime="08:00:00" vehicleRefId="tr_480"/>-->
<!--				<departure id="1481" departureTime="08:10:00" vehicleRefId="tr_481"/>-->
<!--				<departure id="1482" departureTime="08:20:00" vehicleRefId="tr_482"/>-->
<!--				<departure id="1483" departureTime="08:30:00" vehicleRefId="tr_483"/>-->
<!--				<departure id="1484" departureTime="08:40:00" vehicleRefId="tr_484"/>-->
<!--				<departure id="1485" departureTime="08:50:00" vehicleRefId="tr_485"/>-->
<!--				<departure id="1486" departureTime="09:00:00" vehicleRefId="tr_486"/>-->
<!--				<departure id="1487" departureTime="09:10:00" vehicleRefId="tr_487"/>-->
<!--				<departure id="1488" departureTime="09:20:00" vehicleRefId="tr_488"/>-->
<!--				<departure id="1489" departureTime="09:30:00" vehicleRefId="tr_489"/>-->
<!--				<departure id="1490" departureTime="09:40:00" vehicleRefId="tr_490"/>-->
<!--				<departure id="1491" departureTime="09:50:00" vehicleRefId="tr_491"/>-->
<!--				<departure id="1492" departureTime="10:00:00" vehicleRefId="tr_492"/>-->
<!--				<departure id="1493" departureTime="10:10:00" vehicleRefId="tr_493"/>-->
<!--				<departure id="1494" departureTime="10:20:00" vehicleRefId="tr_494"/>-->
<!--				<departure id="1495" departureTime="10:30:00" vehicleRefId="tr_495"/>-->
<!--				<departure id="1496" departureTime="10:40:00" vehicleRefId="tr_496"/>-->
<!--				<departure id="1497" departureTime="10:50:00" vehicleRefId="tr_497"/>-->
<!--				<departure id="1498" departureTime="11:00:00" vehicleRefId="tr_498"/>-->
<!--				<departure id="1499" departureTime="11:10:00" vehicleRefId="tr_499"/>-->
<!--				<departure id="1500" departureTime="11:20:00" vehicleRefId="tr_500"/>-->
<!--				<departure id="1501" departureTime="11:30:00" vehicleRefId="tr_501"/>-->
<!--				<departure id="1502" departureTime="11:40:00" vehicleRefId="tr_502"/>-->
<!--				<departure id="1503" departureTime="11:50:00" vehicleRefId="tr_503"/>-->
<!--				<departure id="1504" departureTime="12:00:00" vehicleRefId="tr_504"/>-->
<!--				<departure id="1505" departureTime="12:10:00" vehicleRefId="tr_505"/>-->
<!--				<departure id="1506" departureTime="12:20:00" vehicleRefId="tr_506"/>-->
<!--				<departure id="1507" departureTime="12:30:00" vehicleRefId="tr_507"/>-->
<!--				<departure id="1508" departureTime="12:40:00" vehicleRefId="tr_508"/>-->
<!--				<departure id="1509" departureTime="12:50:00" vehicleRefId="tr_509"/>-->
<!--				<departure id="1510" departureTime="13:00:00" vehicleRefId="tr_510"/>-->
<!--				<departure id="1511" departureTime="13:10:00" vehicleRefId="tr_511"/>-->
<!--				<departure id="1512" departureTime="13:20:00" vehicleRefId="tr_512"/>-->
<!--				<departure id="1513" departureTime="13:30:00" vehicleRefId="tr_513"/>-->
<!--				<departure id="1514" departureTime="13:40:00" vehicleRefId="tr_514"/>-->
<!--				<departure id="1515" departureTime="13:50:00" vehicleRefId="tr_515"/>-->
<!--				<departure id="1516" departureTime="14:00:00" vehicleRefId="tr_516"/>-->
<!--				<departure id="1517" departureTime="14:10:00" vehicleRefId="tr_517"/>-->
<!--				<departure id="1518" departureTime="14:20:00" vehicleRefId="tr_518"/>-->
<!--				<departure id="1519" departureTime="14:30:00" vehicleRefId="tr_519"/>-->
<!--				<departure id="1520" departureTime="14:40:00" vehicleRefId="tr_520"/>-->
<!--				<departure id="1521" departureTime="14:50:00" vehicleRefId="tr_521"/>-->
<!--				<departure id="1522" departureTime="15:00:00" vehicleRefId="tr_522"/>-->
<!--				<departure id="1523" departureTime="15:10:00" vehicleRefId="tr_523"/>-->
<!--				<departure id="1524" departureTime="15:20:00" vehicleRefId="tr_524"/>-->
<!--				<departure id="1525" departureTime="15:30:00" vehicleRefId="tr_525"/>-->
<!--				<departure id="1526" departureTime="15:40:00" vehicleRefId="tr_526"/>-->
<!--				<departure id="1527" departureTime="15:50:00" vehicleRefId="tr_527"/>-->
<!--				<departure id="1528" departureTime="16:00:00" vehicleRefId="tr_528"/>-->
<!--				<departure id="1529" departureTime="16:10:00" vehicleRefId="tr_529"/>-->
<!--				<departure id="1530" departureTime="16:20:00" vehicleRefId="tr_530"/>-->
<!--				<departure id="1531" departureTime="16:30:00" vehicleRefId="tr_531"/>-->
<!--				<departure id="1532" departureTime="16:40:00" vehicleRefId="tr_532"/>-->
<!--				<departure id="1533" departureTime="16:50:00" vehicleRefId="tr_533"/>-->
<!--				<departure id="1534" departureTime="17:00:00" vehicleRefId="tr_534"/>-->
<!--				<departure id="1535" departureTime="17:10:00" vehicleRefId="tr_535"/>-->
<!--				<departure id="1536" departureTime="17:20:00" vehicleRefId="tr_536"/>-->
<!--				<departure id="1537" departureTime="17:30:00" vehicleRefId="tr_537"/>-->
<!--				<departure id="1538" departureTime="17:40:00" vehicleRefId="tr_538"/>-->
<!--				<departure id="1539" departureTime="17:50:00" vehicleRefId="tr_539"/>-->
<!--				<departure id="1540" departureTime="18:00:00" vehicleRefId="tr_540"/>-->
<!--				<departure id="1541" departureTime="18:10:00" vehicleRefId="tr_541"/>-->
<!--				<departure id="1542" departureTime="18:20:00" vehicleRefId="tr_542"/>-->
<!--				<departure id="1543" departureTime="18:30:00" vehicleRefId="tr_543"/>-->
<!--				<departure id="1544" departureTime="18:40:00" vehicleRefId="tr_544"/>-->
<!--				<departure id="1545" departureTime="18:50:00" vehicleRefId="tr_545"/>-->
<!--				<departure id="1546" departureTime="19:00:00" vehicleRefId="tr_546"/>-->
<!--				<departure id="1547" departureTime="19:10:00" vehicleRefId="tr_547"/>-->
<!--				<departure id="1548" departureTime="19:20:00" vehicleRefId="tr_548"/>-->
<!--				<departure id="1549" departureTime="19:30:00" vehicleRefId="tr_549"/>-->
<!--				<departure id="1550" departureTime="19:40:00" vehicleRefId="tr_550"/>-->
<!--				<departure id="1551" departureTime="19:50:00" vehicleRefId="tr_551"/>-->
<!--				<departure id="1552" departureTime="20:00:00" vehicleRefId="tr_552"/>-->
<!--				<departure id="1553" departureTime="20:10:00" vehicleRefId="tr_553"/>-->
<!--				<departure id="1554" departureTime="20:20:00" vehicleRefId="tr_554"/>-->
<!--				<departure id="1555" departureTime="20:30:00" vehicleRefId="tr_555"/>-->
<!--				<departure id="1556" departureTime="20:40:00" vehicleRefId="tr_556"/>-->
<!--				<departure id="1557" departureTime="20:50:00" vehicleRefId="tr_557"/>-->
<!--				<departure id="1558" departureTime="21:00:00" vehicleRefId="tr_558"/>-->
<!--				<departure id="1559" departureTime="21:10:00" vehicleRefId="tr_559"/>-->
<!--				<departure id="1560" departureTime="21:20:00" vehicleRefId="tr_560"/>-->
<!--				<departure id="1561" departureTime="21:30:00" vehicleRefId="tr_561"/>-->
<!--				<departure id="1562" departureTime="21:40:00" vehicleRefId="tr_562"/>-->
<!--				<departure id="1563" departureTime="21:50:00" vehicleRefId="tr_563"/>-->
<!--				<departure id="1564" departureTime="22:00:00" vehicleRefId="tr_564"/>-->
<!--				<departure id="1565" departureTime="22:10:00" vehicleRefId="tr_565"/>-->
<!--				<departure id="1566" departureTime="22:20:00" vehicleRefId="tr_566"/>-->
<!--				<departure id="1567" departureTime="22:30:00" vehicleRefId="tr_567"/>-->
<!--				<departure id="1568" departureTime="22:40:00" vehicleRefId="tr_568"/>-->
<!--				<departure id="1569" departureTime="22:50:00" vehicleRefId="tr_569"/>-->
<!--				<departure id="1570" departureTime="23:00:00" vehicleRefId="tr_570"/>-->
<!--				<departure id="1571" departureTime="23:10:00" vehicleRefId="tr_571"/>-->
<!--				<departure id="1572" departureTime="23:20:00" vehicleRefId="tr_572"/>-->
<!--				<departure id="1573" departureTime="23:30:00" vehicleRefId="tr_573"/>-->
<!--				<departure id="1574" departureTime="23:40:00" vehicleRefId="tr_574"/>-->
<!--				<departure id="1575" departureTime="23:50:00" vehicleRefId="tr_575"/>-->
<!--			</departures>-->
<!--		</transitRoute>-->
	</transitLine>
</transitSchedule>
